month,commodity_name,avg_modal_price
2010-01-01,turmeric,9507.19
2010-01-01,maize,901.75
2010-01-01,ginger(dry),2978.23
2010-01-01,groundnut,2666.46
2010-01-01,sunflower,2250.97
2010-01-01,sugar,4077.06
2010-01-01,tea,16733.33
2010-01-01,rice,1874.0
2010-01-01,wheat,1424.16
2010-01-01,coconut,3169.0
2010-01-01,coffee,8079.17
2010-01-01,jowar(sorghum),1070.84
2010-01-01,barley (jau),902.88
2010-01-01,cotton,3172.9
2010-01-01,millets,818.75
2010-02-01,millets,766.67
2010-02-01,sugar,3981.63
2010-02-01,jowar(sorghum),1071.44
2010-02-01,sugarcane,180.0
2010-02-01,cotton,3097.7
2010-02-01,rice,1874.94
2010-02-01,maize,900.92
2010-02-01,turmeric,9165.23
2010-02-01,barley (jau),899.37
2010-02-01,coffee,6629.17
2010-02-01,sunflower,2198.7
2010-02-01,coconut,15745.7
2010-02-01,tea,17752.73
2010-02-01,wheat,1364.98
2010-02-01,ginger(dry),2964.8
2010-02-01,groundnut,2696.37
2010-03-01,sugar,3560.05
2010-03-01,wheat,1266.79
2010-03-01,millets,787.5
2010-03-01,coffee,5723.04
2010-03-01,maize,892.99
2010-03-01,barley (jau),948.36
2010-03-01,turmeric,9558.45
2010-03-01,ginger(dry),3954.98
2010-03-01,tea,17678.79
2010-03-01,jowar(sorghum),1055.99
2010-03-01,groundnut,2721.83
2010-03-01,rice,1864.36
2010-03-01,cotton,3130.93
2010-03-01,sunflower,2195.11
2010-03-01,sugarcane,451.0
2010-03-01,coconut,2988.44
2010-04-01,maize,904.26
2010-04-01,rice,1861.71
2010-04-01,ginger(dry),3671.48
2010-04-01,coconut,3126.97
2010-04-01,sugarcane,586.25
2010-04-01,tea,17628.26
2010-04-01,groundnut,2763.51
2010-04-01,barley (jau),865.53
2010-04-01,cotton,3118.54
2010-04-01,wheat,1204.13
2010-04-01,turmeric,11561.25
2010-04-01,sunflower,2114.54
2010-04-01,sugar,3211.66
2010-04-01,coffee,6192.59
2010-04-01,jowar(sorghum),1094.63
2010-05-01,tea,17046.03
2010-05-01,rice,1882.14
2010-05-01,ginger(dry),4494.43
2010-05-01,wheat,1213.96
2010-05-01,coffee,7188.64
2010-05-01,sunflower,2109.68
2010-05-01,groundnut,2764.5
2010-05-01,barley (jau),906.9
2010-05-01,turmeric,14399.68
2010-05-01,maize,903.84
2010-05-01,coconut,3093.35
2010-05-01,jowar(sorghum),1184.4
2010-05-01,sugarcane,322.5
2010-05-01,sugar,3088.43
2010-05-01,cotton,2928.14
2010-06-01,tea,16904.0
2010-06-01,coffee,7720.27
2010-06-01,jowar(sorghum),1353.69
2010-06-01,wheat,1239.27
2010-06-01,turmeric,14923.83
2010-06-01,barley (jau),949.5
2010-06-01,sugarcane,1402.0
2010-06-01,rice,1913.83
2010-06-01,sugar,2961.06
2010-06-01,sunflower,2167.82
2010-06-01,ginger(dry),4894.38
2010-06-01,coconut,3073.12
2010-06-01,millets,1050.0
2010-06-01,maize,948.83
2010-06-01,groundnut,2936.68
2010-06-01,cotton,3033.98
2010-07-01,cotton,3090.6
2010-07-01,sunflower,2313.95
2010-07-01,coffee,9836.51
2010-07-01,jowar(sorghum),1357.22
2010-07-01,groundnut,3140.09
2010-07-01,tea,16932.69
2010-07-01,wheat,1243.06
2010-07-01,maize,990.22
2010-07-01,sugarcane,1412.5
2010-07-01,rice,1972.95
2010-07-01,millets,843.18
2010-07-01,ginger(dry),4843.45
2010-07-01,coconut,2995.53
2010-07-01,sugar,2965.9
2010-07-01,barley (jau),982.74
2010-07-01,turmeric,15209.33
2010-08-01,millets,530.88
2010-08-01,barley (jau),1011.75
2010-08-01,turmeric,14285.51
2010-08-01,tea,16798.61
2010-08-01,wheat,1241.78
2010-08-01,sunflower,2550.07
2010-08-01,rice,1982.23
2010-08-01,ginger(dry),4697.48
2010-08-01,maize,977.09
2010-08-01,coffee,11409.57
2010-08-01,groundnut,3152.54
2010-08-01,cotton,3117.49
2010-08-01,sugar,2875.29
2010-08-01,jowar(sorghum),1188.94
2010-08-01,coconut,3059.2
2010-09-01,tea,16350.88
2010-09-01,coconut,3117.85
2010-09-01,maize,975.81
2010-09-01,millets,500.0
2010-09-01,jowar(sorghum),1104.72
2010-09-01,coffee,10381.52
2010-09-01,sunflower,2533.54
2010-09-01,turmeric,13988.53
2010-09-01,wheat,1227.21
2010-09-01,rice,2001.38
2010-09-01,groundnut,3123.06
2010-09-01,barley (jau),1033.73
2010-09-01,ginger(dry),4180.62
2010-09-01,sugar,2854.45
2010-09-01,cotton,3433.4
2010-10-01,ginger(dry),3048.86
2010-10-01,maize,925.74
2010-10-01,coffee,15012.07
2010-10-01,cotton,3924.07
2010-10-01,wheat,1237.74
2010-10-01,sugar,2906.69
2010-10-01,jowar(sorghum),1096.68
2010-10-01,sugarcane,1433.33
2010-10-01,groundnut,2956.96
2010-10-01,rice,1997.93
2010-10-01,turmeric,14249.05
2010-10-01,tea,16938.46
2010-10-01,sunflower,2488.86
2010-10-01,coconut,3460.12
2010-10-01,barley (jau),1094.49
2010-10-01,millets,450.0
2010-11-01,barley (jau),1153.32
2010-11-01,rice,1986.89
2010-11-01,groundnut,2898.56
2010-11-01,sugarcane,33000.0
2010-11-01,jowar(sorghum),1140.69
2010-11-01,sugar,3007.45
2010-11-01,turmeric,14916.14
2010-11-01,cotton,4117.42
2010-11-01,millets,925.0
2010-11-01,sunflower,2786.74
2010-11-01,maize,906.49
2010-11-01,coffee,15985.14
2010-11-01,tea,16257.58
2010-11-01,coconut,3347.17
2010-11-01,ginger(dry),2964.26
2010-11-01,wheat,1267.93
2010-12-01,wheat,1293.93
2010-12-01,sugarcane,3778.57
2010-12-01,jowar(sorghum),1228.09
2010-12-01,sugar,3131.62
2010-12-01,barley (jau),1199.93
2010-12-01,sunflower,2904.34
2010-12-01,tea,16275.86
2010-12-01,groundnut,2904.93
2010-12-01,coffee,16698.33
2010-12-01,turmeric,15658.29
2010-12-01,cotton,4152.68
2010-12-01,rice,1964.87
2010-12-01,ginger(dry),2857.19
2010-12-01,coconut,3996.24
2010-12-01,maize,904.58
2011-01-01,tea,16360.9
2011-01-01,sugar,3126.48
2011-01-01,sugarcane,336.67
2011-01-01,wheat,1317.93
2011-01-01,jowar(sorghum),1278.57
2011-01-01,maize,938.75
2011-01-01,sunflower,3083.62
2011-01-01,rice,1963.52
2011-01-01,barley (jau),1240.8
2011-01-01,coconut,3668.53
2011-01-01,ginger(dry),2995.06
2011-01-01,turmeric,15212.5
2011-01-01,coffee,15279.51
2011-01-01,cotton,4716.44
2011-01-01,groundnut,2989.14
2011-02-01,sunflower,3066.4
2011-02-01,coffee,13323.68
2011-02-01,rice,1955.19
2011-02-01,coconut,4110.97
2011-02-01,sugarcane,271.38
2011-02-01,tea,16641.79
2011-02-01,sugar,3049.75
2011-02-01,jowar(sorghum),1377.23
2011-02-01,maize,951.73
2011-02-01,millets,1125.0
2011-02-01,barley (jau),1279.47
2011-02-01,ginger(dry),2908.13
2011-02-01,wheat,1311.63
2011-02-01,groundnut,3011.07
2011-02-01,turmeric,13224.23
2011-02-01,cotton,5824.53
2011-03-01,rice,1971.7
2011-03-01,sugar,3012.06
2011-03-01,tea,16446.15
2011-03-01,sugarcane,659.16
2011-03-01,sunflower,2902.4
2011-03-01,coffee,13470.59
2011-03-01,cotton,5885.83
2011-03-01,wheat,1262.22
2011-03-01,coconut,3803.09
2011-03-01,maize,1004.07
2011-03-01,millets,1075.0
2011-03-01,groundnut,3110.1
2011-03-01,turmeric,12378.6
2011-03-01,ginger(dry),2860.94
2011-03-01,barley (jau),1100.05
2011-03-01,jowar(sorghum),1464.14
2011-04-01,jowar(sorghum),1746.77
2011-04-01,maize,1088.7
2011-04-01,sugarcane,3044.0
2011-04-01,cotton,5299.94
2011-04-01,turmeric,11008.17
2011-04-01,coconut,4430.82
2011-04-01,ginger(dry),2946.64
2011-04-01,rice,1938.23
2011-04-01,barley (jau),1014.99
2011-04-01,groundnut,3259.93
2011-04-01,sunflower,2769.32
2011-04-01,coffee,15363.95
2011-04-01,tea,17080.65
2011-04-01,wheat,1213.22
2011-04-01,sugar,3015.41
2011-05-01,ginger(dry),3115.47
2011-05-01,wheat,1204.82
2011-05-01,barley (jau),1176.5
2011-05-01,coconut,4458.83
2011-05-01,coffee,16131.67
2011-05-01,cotton,3611.17
2011-05-01,sugarcane,263.33
2011-05-01,tea,17101.22
2011-05-01,maize,1076.34
2011-05-01,rice,1968.13
2011-05-01,sunflower,2868.25
2011-05-01,turmeric,9832.93
2011-05-01,groundnut,3333.94
2011-05-01,jowar(sorghum),1729.2
2011-05-01,sugar,2987.55
2011-06-01,jowar(sorghum),1741.42
2011-06-01,coconut,4517.1
2011-06-01,coffee,17484.31
2011-06-01,sunflower,2831.82
2011-06-01,barley (jau),1139.56
2011-06-01,rice,1966.48
2011-06-01,maize,1087.63
2011-06-01,wheat,1164.28
2011-06-01,tea,16472.97
2011-06-01,ginger(dry),3217.6
2011-06-01,cotton,3356.15
2011-06-01,groundnut,3467.94
2011-06-01,sugar,2952.81
2011-06-01,turmeric,8537.28
2011-06-01,sugarcane,1978.33
2011-07-01,tea,15739.87
2011-07-01,millets,718.75
2011-07-01,coconut,4308.42
2011-07-01,cotton,3325.36
2011-07-01,ginger(dry),3279.49
2011-07-01,rice,1947.34
2011-07-01,groundnut,3478.7
2011-07-01,sugar,2993.43
2011-07-01,wheat,1156.79
2011-07-01,turmeric,8486.13
2011-07-01,coffee,17285.96
2011-07-01,barley (jau),1096.42
2011-07-01,maize,1091.74
2011-07-01,sugarcane,2950.0
2011-07-01,sunflower,2834.26
2011-07-01,jowar(sorghum),1741.92
2011-08-01,wheat,1134.02
2011-08-01,ginger(dry),3012.53
2011-08-01,turmeric,8488.91
2011-08-01,sugarcane,200.0
2011-08-01,barley (jau),1069.94
2011-08-01,jowar(sorghum),1686.86
2011-08-01,cotton,3481.92
2011-08-01,maize,1073.85
2011-08-01,rice,1958.82
2011-08-01,groundnut,3413.59
2011-08-01,sugar,2993.27
2011-08-01,tea,15986.54
2011-08-01,sunflower,2988.94
2011-08-01,coconut,4468.11
2011-08-01,millets,382.35
2011-08-01,coffee,17782.35
2011-09-01,groundnut,3301.76
2011-09-01,tea,16933.9
2011-09-01,wheat,1111.09
2011-09-01,ginger(dry),2690.32
2011-09-01,rice,1961.12
2011-09-01,turmeric,7096.06
2011-09-01,maize,1025.9
2011-09-01,coconut,4257.95
2011-09-01,sunflower,2998.79
2011-09-01,cotton,3774.44
2011-09-01,sugar,3013.27
2011-09-01,millets,500.0
2011-09-01,barley (jau),1028.3
2011-09-01,jowar(sorghum),1639.99
2011-09-01,coffee,13472.92
2011-10-01,coffee,15213.43
2011-10-01,groundnut,3136.74
2011-10-01,wheat,1094.55
2011-10-01,ginger(dry),2413.96
2011-10-01,barley (jau),1017.35
2011-10-01,tea,14439.02
2011-10-01,turmeric,7590.9
2011-10-01,rice,1946.79
2011-10-01,jowar(sorghum),1572.81
2011-10-01,sugarcane,303.33
2011-10-01,sugar,3037.19
2011-10-01,sunflower,2900.22
2011-10-01,millets,800.56
2011-10-01,cotton,4167.09
2011-10-01,maize,974.87
2011-10-01,coconut,4197.4
2011-11-01,sugar,3115.64
2011-11-01,jowar(sorghum),1558.3
2011-11-01,sunflower,2933.45
2011-11-01,turmeric,6841.04
2011-11-01,coconut,4928.63
2011-11-01,ginger(dry),2359.34
2011-11-01,groundnut,3247.74
2011-11-01,cotton,4144.55
2011-11-01,sugarcane,620.77
2011-11-01,millets,1750.0
2011-11-01,rice,1947.31
2011-11-01,wheat,1117.54
2011-11-01,maize,998.14
2011-11-01,tea,14373.08
2011-11-01,barley (jau),1031.93
2011-11-01,coffee,15716.67
2011-12-01,coffee,12054.63
2011-12-01,maize,1030.97
2011-12-01,sugar,3218.29
2011-12-01,turmeric,6117.89
2011-12-01,cotton,3950.49
2011-12-01,jowar(sorghum),1658.97
2011-12-01,sunflower,3009.98
2011-12-01,rice,1965.86
2011-12-01,sugarcane,905.25
2011-12-01,coconut,3895.12
2011-12-01,groundnut,3399.42
2011-12-01,barley (jau),1035.97
2011-12-01,wheat,1124.0
2011-12-01,ginger(dry),2047.93
2011-12-01,tea,15293.51
2012-01-01,tea,16043.84
2012-01-01,cotton,4162.38
2012-01-01,groundnut,3677.5
2012-01-01,barley (jau),1089.68
2012-01-01,coconut,3766.28
2012-01-01,coffee,11181.4
2012-01-01,jowar(sorghum),1686.55
2012-01-01,maize,1100.3
2012-01-01,sugar,3175.97
2012-01-01,turmeric,5917.15
2012-01-01,ginger(dry),1954.64
2012-01-01,wheat,1189.65
2012-01-01,rice,1973.31
2012-01-01,sunflower,2992.04
2012-01-01,sugarcane,1029.98
2012-02-01,millets,1325.0
2012-02-01,sunflower,2895.36
2012-02-01,ginger(dry),1993.01
2012-02-01,barley (jau),1094.34
2012-02-01,wheat,1196.12
2012-02-01,sugarcane,748.26
2012-02-01,groundnut,3816.12
2012-02-01,coffee,11056.32
2012-02-01,rice,1976.29
2012-02-01,tea,13245.16
2012-02-01,maize,1108.48
2012-02-01,sugar,3147.71
2012-02-01,jowar(sorghum),1636.57
2012-02-01,cotton,4036.41
2012-02-01,turmeric,5232.79
2012-02-01,coconut,3489.51
2012-03-01,sugar,3115.41
2012-03-01,coconut,3433.51
2012-03-01,barley (jau),1171.7
2012-03-01,millets,900.0
2012-03-01,cotton,3785.94
2012-03-01,groundnut,4014.14
2012-03-01,rice,2023.86
2012-03-01,maize,1115.02
2012-03-01,coffee,11360.42
2012-03-01,ginger(dry),2115.58
2012-03-01,jowar(sorghum),1634.29
2012-03-01,turmeric,4763.7
2012-03-01,wheat,1247.21
2012-03-01,sugarcane,548.24
2012-03-01,sunflower,2914.94
2012-03-01,tea,13591.34
2012-04-01,jowar(sorghum),1589.39
2012-04-01,coconut,3566.62
2012-04-01,sugarcane,576.25
2012-04-01,sugar,3111.81
2012-04-01,millets,4621.43
2012-04-01,barley (jau),1289.47
2012-04-01,sunflower,2970.9
2012-04-01,groundnut,4022.63
2012-04-01,maize,1122.4
2012-04-01,cotton,3715.29
2012-04-01,coffee,11607.69
2012-04-01,rice,2016.18
2012-04-01,wheat,1288.67
2012-04-01,turmeric,4138.88
2012-04-01,tea,14947.25
2012-04-01,ginger(dry),2043.11
2012-05-01,jowar(sorghum),1533.72
2012-05-01,sugar,3151.37
2012-05-01,groundnut,4114.46
2012-05-01,cotton,3702.21
2012-05-01,turmeric,4023.34
2012-05-01,ginger(dry),2151.64
2012-05-01,coffee,12680.16
2012-05-01,barley (jau),1224.34
2012-05-01,tea,15414.55
2012-05-01,millets,1050.0
2012-05-01,sugarcane,430.0
2012-05-01,coconut,3116.03
2012-05-01,rice,2063.41
2012-05-01,sunflower,2986.44
2012-05-01,wheat,1292.99
2012-05-01,maize,1080.98
2012-06-01,turmeric,3983.44
2012-06-01,maize,1072.7
2012-06-01,wheat,1256.77
2012-06-01,ginger(dry),2738.9
2012-06-01,cotton,3637.65
2012-06-01,coffee,12875.7
2012-06-01,barley (jau),1115.44
2012-06-01,tea,15940.4
2012-06-01,millets,1250.0
2012-06-01,sugar,3164.47
2012-06-01,groundnut,4123.09
2012-06-01,jowar(sorghum),1482.42
2012-06-01,rice,2070.5
2012-06-01,coconut,3138.32
2012-06-01,sunflower,2961.41
2012-06-01,sugarcane,1100.0
2012-07-01,groundnut,4305.29
2012-07-01,turmeric,4784.01
2012-07-01,wheat,1326.82
2012-07-01,jowar(sorghum),1574.11
2012-07-01,tea,18359.55
2012-07-01,maize,1180.79
2012-07-01,sunflower,3260.85
2012-07-01,coconut,3243.04
2012-07-01,rice,2130.28
2012-07-01,cotton,4123.47
2012-07-01,coffee,13008.94
2012-07-01,ginger(dry),2950.07
2012-07-01,barley (jau),1168.15
2012-07-01,sugar,3334.35
2012-07-01,millets,708.33
2012-08-01,turmeric,5706.22
2012-08-01,sugarcane,300.0
2012-08-01,barley (jau),1173.46
2012-08-01,groundnut,4497.28
2012-08-01,sugar,3606.52
2012-08-01,jowar(sorghum),1601.88
2012-08-01,millets,611.9
2012-08-01,coconut,3356.72
2012-08-01,tea,13700.19
2012-08-01,rice,2166.2
2012-08-01,maize,1241.63
2012-08-01,ginger(dry),3183.47
2012-08-01,wheat,1448.42
2012-08-01,sunflower,3472.2
2012-08-01,cotton,4188.39
2012-08-01,coffee,12202.08
2012-09-01,jowar(sorghum),1539.17
2012-09-01,rice,2193.84
2012-09-01,cotton,3803.1
2012-09-01,tea,16937.26
2012-09-01,maize,1260.12
2012-09-01,coconut,3163.97
2012-09-01,groundnut,4360.07
2012-09-01,turmeric,5748.5
2012-09-01,barley (jau),1105.66
2012-09-01,coffee,15289.31
2012-09-01,sugar,3754.41
2012-09-01,wheat,1495.97
2012-09-01,millets,884.38
2012-09-01,sunflower,3560.07
2012-09-01,ginger(dry),3022.47
2012-10-01,turmeric,5275.98
2012-10-01,barley (jau),1110.79
2012-10-01,sugar,3766.15
2012-10-01,sunflower,3336.56
2012-10-01,cotton,4040.61
2012-10-01,tea,14821.55
2012-10-01,jowar(sorghum),1398.77
2012-10-01,coffee,19178.79
2012-10-01,groundnut,4499.49
2012-10-01,coconut,3104.97
2012-10-01,millets,666.67
2012-10-01,maize,1221.77
2012-10-01,wheat,1462.5
2012-10-01,ginger(dry),3133.97
2012-10-01,rice,2235.47
2012-11-01,jowar(sorghum),1427.22
2012-11-01,sugarcane,836.67
2012-11-01,groundnut,4790.87
2012-11-01,coffee,18234.46
2012-11-01,maize,1249.83
2012-11-01,coconut,3159.51
2012-11-01,wheat,1536.78
2012-11-01,millets,1075.0
2012-11-01,ginger(dry),3627.01
2012-11-01,sugar,3742.9
2012-11-01,barley (jau),1174.37
2012-11-01,turmeric,5212.5
2012-11-01,tea,15654.47
2012-11-01,cotton,4117.67
2012-11-01,sunflower,3414.01
2012-11-01,rice,2231.56
2012-12-01,cotton,4054.95
2012-12-01,sugar,3711.89
2012-12-01,ginger(dry),3656.09
2012-12-01,coffee,13094.1
2012-12-01,maize,1319.59
2012-12-01,groundnut,4859.07
2012-12-01,wheat,1551.28
2012-12-01,sunflower,3410.66
2012-12-01,sugarcane,1357.14
2012-12-01,barley (jau),1228.6
2012-12-01,jowar(sorghum),1541.25
2012-12-01,tea,15476.95
2012-12-01,rice,2258.15
2012-12-01,coconut,3174.07
2012-12-01,turmeric,5272.93
2013-01-01,coconut,3394.23
2013-01-01,groundnut,4744.37
2013-01-01,turmeric,5419.3
2013-01-01,sunflower,3305.78
2013-01-01,sugarcane,688.75
2013-01-01,barley (jau),1240.47
2013-01-01,coffee,12764.73
2013-01-01,rice,2275.42
2013-01-01,jowar(sorghum),1553.77
2013-01-01,maize,1319.1
2013-01-01,sugar,3565.4
2013-01-01,tea,15721.08
2013-01-01,ginger(dry),3666.11
2013-01-01,cotton,4039.66
2013-01-01,wheat,1564.73
2013-02-01,sugar,3522.21
2013-02-01,groundnut,4670.25
2013-02-01,tea,17281.01
2013-02-01,sugarcane,325.56
2013-02-01,rice,2332.25
2013-02-01,sunflower,3348.26
2013-02-01,coffee,12475.26
2013-02-01,millets,1257.14
2013-02-01,wheat,1598.55
2013-02-01,coconut,3382.42
2013-02-01,barley (jau),1260.57
2013-02-01,jowar(sorghum),1550.21
2013-02-01,cotton,4144.82
2013-02-01,turmeric,5673.5
2013-02-01,ginger(dry),3835.21
2013-02-01,maize,1310.48
2013-03-01,wheat,1558.58
2013-03-01,sugar,3519.61
2013-03-01,groundnut,4503.89
2013-03-01,coconut,3576.47
2013-03-01,rice,2361.41
2013-03-01,turmeric,6321.59
2013-03-01,coffee,12587.31
2013-03-01,ginger(dry),4344.42
2013-03-01,cotton,4475.12
2013-03-01,sunflower,3346.84
2013-03-01,millets,2425.0
2013-03-01,tea,15172.04
2013-03-01,barley (jau),1197.75
2013-03-01,maize,1310.69
2013-03-01,sugarcane,425.0
2013-03-01,jowar(sorghum),1624.84
2013-04-01,coffee,12885.91
2013-04-01,ginger(dry),5616.91
2013-04-01,sunflower,3353.2
2013-04-01,sugar,3474.79
2013-04-01,tea,15371.9
2013-04-01,coconut,3563.39
2013-04-01,turmeric,6867.0
2013-04-01,jowar(sorghum),1596.95
2013-04-01,rice,2344.48
2013-04-01,cotton,4414.25
2013-04-01,millets,2091.67
2013-04-01,maize,1296.86
2013-04-01,sugarcane,682.41
2013-04-01,wheat,1504.9
2013-04-01,groundnut,4487.56
2013-04-01,barley (jau),1134.86
2013-05-01,coconut,3446.46
2013-05-01,sunflower,3345.55
2013-05-01,wheat,1534.63
2013-05-01,turmeric,6312.31
2013-05-01,sugar,3459.56
2013-05-01,millets,1113.33
2013-05-01,ginger(dry),8478.08
2013-05-01,rice,2398.4
2013-05-01,barley (jau),1137.95
2013-05-01,maize,1272.34
2013-05-01,sugarcane,840.0
2013-05-01,tea,16558.39
2013-05-01,groundnut,4356.49
2013-05-01,cotton,4211.79
2013-05-01,jowar(sorghum),1549.02
2013-05-01,coffee,13309.76
2013-06-01,cotton,4268.85
2013-06-01,rice,2470.67
2013-06-01,barley (jau),1158.79
2013-06-01,turmeric,6101.98
2013-06-01,sunflower,3325.95
2013-06-01,tea,17375.89
2013-06-01,coffee,13605.62
2013-06-01,jowar(sorghum),1591.83
2013-06-01,wheat,1571.73
2013-06-01,coconut,3618.64
2013-06-01,millets,1093.75
2013-06-01,sugar,3456.99
2013-06-01,groundnut,4136.28
2013-06-01,ginger(dry),9834.53
2013-06-01,sugarcane,980.0
2013-06-01,maize,1336.56
2013-07-01,tea,17268.46
2013-07-01,wheat,1550.57
2013-07-01,barley (jau),1161.91
2013-07-01,cotton,4381.19
2013-07-01,ginger(dry),10289.02
2013-07-01,rice,2559.94
2013-07-01,sugar,3421.7
2013-07-01,jowar(sorghum),1548.03
2013-07-01,coconut,3616.8
2013-07-01,groundnut,3953.46
2013-07-01,turmeric,6081.51
2013-07-01,coffee,12559.67
2013-07-01,sunflower,3391.99
2013-07-01,sugarcane,900.0
2013-07-01,maize,1367.22
2013-07-01,millets,1165.22
2013-08-01,ginger(dry),9512.01
2013-08-01,sugar,3429.36
2013-08-01,barley (jau),1138.71
2013-08-01,turmeric,5666.83
2013-08-01,sunflower,3365.29
2013-08-01,sugarcane,2000.0
2013-08-01,cotton,4374.55
2013-08-01,tea,17251.82
2013-08-01,rice,2509.56
2013-08-01,coffee,12592.56
2013-08-01,groundnut,3814.76
2013-08-01,coconut,3016.44
2013-08-01,jowar(sorghum),1540.39
2013-08-01,millets,1190.48
2013-08-01,maize,1362.83
2013-08-01,wheat,1524.62
2013-09-01,coconut,3306.08
2013-09-01,groundnut,3614.05
2013-09-01,wheat,1544.04
2013-09-01,barley (jau),1148.74
2013-09-01,cotton,4587.67
2013-09-01,sugarcane,7.0
2013-09-01,ginger(dry),8387.5
2013-09-01,maize,1384.58
2013-09-01,millets,1326.92
2013-09-01,coffee,12804.0
2013-09-01,rice,2526.25
2013-09-01,tea,17354.48
2013-09-01,turmeric,5374.8
2013-09-01,jowar(sorghum),1571.0
2013-09-01,sugar,3427.86
2013-09-01,sunflower,3329.13
2013-10-01,rice,2549.43
2013-10-01,tea,18046.61
2013-10-01,wheat,1587.48
2013-10-01,cotton,4635.46
2013-10-01,jowar(sorghum),1549.07
2013-10-01,coconut,3453.66
2013-10-01,groundnut,3524.06
2013-10-01,turmeric,5257.3
2013-10-01,maize,1328.57
2013-10-01,sunflower,3242.83
2013-10-01,ginger(dry),6619.06
2013-10-01,sugarcane,666.67
2013-10-01,millets,1994.44
2013-10-01,sugar,3376.02
2013-10-01,coffee,12925.45
2013-10-01,barley (jau),1158.24
2013-11-01,ginger(dry),6062.22
2013-11-01,coffee,12427.82
2013-11-01,wheat,1658.27
2013-11-01,maize,1311.8
2013-11-01,millets,1275.0
2013-11-01,sugarcane,345.0
2013-11-01,cotton,4608.89
2013-11-01,turmeric,5304.87
2013-11-01,barley (jau),1213.72
2013-11-01,jowar(sorghum),1578.85
2013-11-01,sunflower,3302.5
2013-11-01,coconut,3763.62
2013-11-01,rice,2578.87
2013-11-01,tea,20216.87
2013-11-01,sugar,3339.64
2013-11-01,groundnut,3713.05
2013-12-01,coffee,11149.68
2013-12-01,sugar,3313.53
2013-12-01,sugarcane,3670.0
2013-12-01,maize,1298.67
2013-12-01,coconut,3804.4
2013-12-01,jowar(sorghum),1629.0
2013-12-01,wheat,1685.31
2013-12-01,ginger(dry),5800.52
2013-12-01,millets,900.0
2013-12-01,tea,20860.47
2013-12-01,rice,2575.56
2013-12-01,groundnut,3646.6
2013-12-01,barley (jau),1262.3
2013-12-01,cotton,4554.79
2013-12-01,sunflower,3336.15
2013-12-01,turmeric,5501.41
2014-01-01,coffee,10879.5
2014-01-01,groundnut,3477.4
2014-01-01,jowar(sorghum),1644.98
2014-01-01,maize,1269.45
2014-01-01,wheat,1711.22
2014-01-01,coconut,4457.62
2014-01-01,sugar,3266.8
2014-01-01,ginger(dry),6359.74
2014-01-01,cotton,4913.93
2014-01-01,sunflower,3257.38
2014-01-01,rice,2530.48
2014-01-01,tea,18397.27
2014-01-01,turmeric,5798.94
2014-01-01,barley (jau),1286.89
2014-01-01,millets,950.0
2014-01-01,sugarcane,3331.25
2014-02-01,sugar,3255.21
2014-02-01,coffee,11526.91
2014-02-01,rice,2587.11
2014-02-01,maize,1266.1
2014-02-01,groundnut,3453.18
2014-02-01,cotton,4927.44
2014-02-01,jowar(sorghum),1783.68
2014-02-01,tea,17740.51
2014-02-01,sugarcane,268.33
2014-02-01,coconut,4601.89
2014-02-01,barley (jau),1316.68
2014-02-01,ginger(dry),6758.19
2014-02-01,turmeric,5912.92
2014-02-01,sunflower,3288.3
2014-02-01,wheat,1697.11
2014-03-01,sunflower,3398.21
2014-03-01,sugarcane,216.67
2014-03-01,tea,19509.28
2014-03-01,rice,2610.11
2014-03-01,millets,1785.71
2014-03-01,coffee,12685.03
2014-03-01,cotton,4771.31
2014-03-01,maize,1290.29
2014-03-01,groundnut,3429.96
2014-03-01,jowar(sorghum),1943.37
2014-03-01,coconut,4882.23
2014-03-01,wheat,1647.1
2014-03-01,turmeric,5811.09
2014-03-01,ginger(dry),7525.83
2014-03-01,barley (jau),1239.14
2014-03-01,sugar,3299.58
2014-04-01,coconut,4497.24
2014-04-01,ginger(dry),9189.93
2014-04-01,sugarcane,1590.0
2014-04-01,wheat,1552.83
2014-04-01,tea,18125.35
2014-04-01,coffee,13453.19
2014-04-01,groundnut,3515.34
2014-04-01,maize,1294.91
2014-04-01,barley (jau),1126.31
2014-04-01,cotton,4581.06
2014-04-01,millets,1840.0
2014-04-01,turmeric,6138.69
2014-04-01,jowar(sorghum),1872.88
2014-04-01,rice,2624.61
2014-04-01,sunflower,3341.83
2014-04-01,sugar,3405.83
2014-05-01,cotton,4522.01
2014-05-01,rice,2631.67
2014-05-01,groundnut,3590.61
2014-05-01,sunflower,3306.49
2014-05-01,coconut,4868.71
2014-05-01,millets,1576.92
2014-05-01,barley (jau),1171.44
2014-05-01,jowar(sorghum),1922.36
2014-05-01,sugar,3427.34
2014-05-01,sugarcane,865.71
2014-05-01,tea,17697.25
2014-05-01,wheat,1540.28
2014-05-01,ginger(dry),10229.95
2014-05-01,coffee,13637.78
2014-05-01,maize,1287.37
2014-05-01,turmeric,6403.94
2014-06-01,sugar,3423.23
2014-06-01,sugarcane,1886.67
2014-06-01,maize,1271.88
2014-06-01,jowar(sorghum),2086.22
2014-06-01,barley (jau),1177.53
2014-06-01,wheat,1520.61
2014-06-01,groundnut,3542.85
2014-06-01,coconut,5018.88
2014-06-01,coffee,13119.57
2014-06-01,tea,16672.84
2014-06-01,ginger(dry),9685.87
2014-06-01,turmeric,6283.21
2014-06-01,rice,2650.67
2014-06-01,sunflower,3091.34
2014-06-01,millets,1100.0
2014-06-01,cotton,4382.65
2014-07-01,sunflower,3219.05
2014-07-01,sugar,3479.08
2014-07-01,wheat,1545.7
2014-07-01,coffee,11154.6
2014-07-01,ginger(dry),9379.47
2014-07-01,coconut,5203.94
2014-07-01,cotton,4461.3
2014-07-01,turmeric,6550.71
2014-07-01,barley (jau),1234.45
2014-07-01,maize,1290.9
2014-07-01,tea,20001.37
2014-07-01,jowar(sorghum),2319.87
2014-07-01,millets,888.89
2014-07-01,rice,2660.12
2014-07-01,sugarcane,3500.0
2014-07-01,groundnut,3675.98
2014-08-01,wheat,1573.63
2014-08-01,tea,25984.78
2014-08-01,coffee,10367.5
2014-08-01,ginger(dry),8563.04
2014-08-01,millets,898.44
2014-08-01,groundnut,3968.91
2014-08-01,maize,1318.03
2014-08-01,coconut,11678.59
2014-08-01,sugar,3496.27
2014-08-01,cotton,4373.81
2014-08-01,sunflower,3358.7
2014-08-01,barley (jau),1278.49
2014-08-01,turmeric,6392.48
2014-08-01,jowar(sorghum),2244.58
2014-08-01,rice,2670.8
2014-09-01,jowar(sorghum),2058.68
2014-09-01,maize,1287.07
2014-09-01,rice,2659.17
2014-09-01,cotton,4205.03
2014-09-01,ginger(dry),6788.83
2014-09-01,tea,24533.96
2014-09-01,millets,950.78
2014-09-01,wheat,1635.58
2014-09-01,coffee,9914.93
2014-09-01,sugar,3457.77
2014-09-01,turmeric,6285.95
2014-09-01,sunflower,3208.18
2014-09-01,coconut,18212.24
2014-09-01,groundnut,3991.29
2014-09-01,barley (jau),1316.23
2014-10-01,millets,1390.38
2014-10-01,sugarcane,425.0
2014-10-01,coconut,18148.58
2014-10-01,tea,21381.89
2014-10-01,turmeric,6164.88
2014-10-01,jowar(sorghum),1861.33
2014-10-01,ginger(dry),5706.22
2014-10-01,wheat,1530.53
2014-10-01,sugar,3436.11
2014-10-01,barley (jau),1344.86
2014-10-01,maize,1238.12
2014-10-01,rice,2647.42
2014-10-01,coffee,11088.61
2014-10-01,groundnut,3921.19
2014-10-01,sunflower,3156.03
2014-10-01,cotton,4035.74
2014-11-01,rice,2651.45
2014-11-01,coffee,10938.83
2014-11-01,turmeric,6385.84
2014-11-01,ginger(dry),5250.52
2014-11-01,groundnut,3773.4
2014-11-01,sugar,3376.09
2014-11-01,cotton,3998.09
2014-11-01,barley (jau),1403.59
2014-11-01,sugarcane,336.0
2014-11-01,maize,1216.6
2014-11-01,coconut,24425.85
2014-11-01,millets,1413.46
2014-11-01,sunflower,3165.51
2014-11-01,wheat,1558.58
2014-11-01,tea,22105.93
2014-11-01,jowar(sorghum),1875.3
2014-12-01,barley (jau),1449.81
2014-12-01,coconut,15242.78
2014-12-01,ginger(dry),4648.05
2014-12-01,wheat,1571.9
2014-12-01,jowar(sorghum),1884.73
2014-12-01,turmeric,6645.79
2014-12-01,rice,2558.1
2014-12-01,coffee,10283.8
2014-12-01,sugar,3268.0
2014-12-01,sugarcane,230.0
2014-12-01,maize,1217.7
2014-12-01,groundnut,3770.58
2014-12-01,millets,1300.0
2014-12-01,sunflower,3194.35
2014-12-01,tea,22875.67
2014-12-01,cotton,4014.31
2015-01-01,ginger(dry),4504.96
2015-01-01,sugarcane,780.0
2015-01-01,barley (jau),1507.13
2015-01-01,coffee,10652.43
2015-01-01,wheat,1622.55
2015-01-01,turmeric,7246.61
2015-01-01,millets,1525.59
2015-01-01,sunflower,3227.93
2015-01-01,tea,23181.34
2015-01-01,groundnut,4048.27
2015-01-01,coconut,6806.16
2015-01-01,rice,2530.31
2015-01-01,cotton,4003.43
2015-01-01,sugar,3252.44
2015-01-01,maize,1246.63
2015-01-01,jowar(sorghum),2076.56
2015-02-01,jowar(sorghum),2039.73
2015-02-01,maize,1262.78
2015-02-01,sunflower,3241.73
2015-02-01,ginger(dry),4591.02
2015-02-01,turmeric,7017.48
2015-02-01,groundnut,4241.66
2015-02-01,sugar,3190.47
2015-02-01,barley (jau),1512.07
2015-02-01,sugarcane,234.38
2015-02-01,cotton,3925.89
2015-02-01,millets,1253.7
2015-02-01,wheat,1590.13
2015-02-01,tea,22634.72
2015-02-01,coconut,5484.35
2015-02-01,rice,2509.01
2015-02-01,coffee,10426.44
2015-03-01,jowar(sorghum),1956.91
2015-03-01,barley (jau),1294.66
2015-03-01,wheat,1558.81
2015-03-01,turmeric,7391.7
2015-03-01,sugar,3169.32
2015-03-01,sunflower,3193.09
2015-03-01,sugarcane,250.76
2015-03-01,tea,22713.53
2015-03-01,millets,1369.22
2015-03-01,maize,1293.69
2015-03-01,groundnut,4295.3
2015-03-01,cotton,3942.77
2015-03-01,coconut,5572.48
2015-03-01,rice,2522.88
2015-03-01,ginger(dry),4993.88
2015-03-01,coffee,9986.54
2015-04-01,coffee,10625.34
2015-04-01,tea,23728.94
2015-04-01,wheat,1526.3
2015-04-01,barley (jau),1120.7
2015-04-01,maize,1296.07
2015-04-01,cotton,4106.35
2015-04-01,sugarcane,251.11
2015-04-01,groundnut,4375.64
2015-04-01,sunflower,3170.28
2015-04-01,ginger(dry),4917.53
2015-04-01,rice,2489.54
2015-04-01,millets,1435.57
2015-04-01,coconut,5612.26
2015-04-01,sugar,3051.14
2015-04-01,turmeric,7442.53
2015-04-01,jowar(sorghum),1954.15
2015-05-01,sugar,2995.65
2015-05-01,tea,24621.03
2015-05-01,cotton,4089.58
2015-05-01,turmeric,7260.19
2015-05-01,sunflower,3282.85
2015-05-01,groundnut,4612.66
2015-05-01,wheat,1523.75
2015-05-01,sugarcane,671.43
2015-05-01,coffee,9813.81
2015-05-01,coconut,5401.64
2015-05-01,millets,1475.58
2015-05-01,ginger(dry),5420.15
2015-05-01,maize,1284.25
2015-05-01,rice,2501.36
2015-05-01,jowar(sorghum),1938.46
2015-05-01,barley (jau),1180.31
2015-06-01,coconut,5176.22
2015-06-01,wheat,1531.15
2015-06-01,sunflower,3262.38
2015-06-01,millets,1306.12
2015-06-01,turmeric,7195.4
2015-06-01,sugar,2988.8
2015-06-01,tea,22591.0
2015-06-01,cotton,4018.68
2015-06-01,maize,1282.68
2015-06-01,ginger(dry),6151.84
2015-06-01,groundnut,4816.66
2015-06-01,barley (jau),1182.17
2015-06-01,rice,2549.67
2015-06-01,jowar(sorghum),2122.4
2015-06-01,sugarcane,488.33
2015-06-01,coffee,9427.23
2015-07-01,coffee,10157.48
2015-07-01,sugar,2836.45
2015-07-01,rice,2583.5
2015-07-01,cotton,4005.56
2015-07-01,sunflower,3543.94
2015-07-01,sugarcane,422.5
2015-07-01,turmeric,7143.42
2015-07-01,ginger(dry),6411.56
2015-07-01,jowar(sorghum),1945.88
2015-07-01,tea,23362.06
2015-07-01,barley (jau),1181.23
2015-07-01,groundnut,4797.52
2015-07-01,maize,1316.21
2015-07-01,wheat,1531.83
2015-07-01,coconut,5042.63
2015-07-01,millets,1377.83
2015-08-01,tea,23807.62
2015-08-01,turmeric,7031.79
2015-08-01,sugarcane,235.0
2015-08-01,cotton,4008.29
2015-08-01,groundnut,4857.92
2015-08-01,sugar,2788.45
2015-08-01,coconut,5409.96
2015-08-01,sunflower,3380.1
2015-08-01,jowar(sorghum),1873.77
2015-08-01,ginger(dry),5467.43
2015-08-01,barley (jau),1194.62
2015-08-01,maize,1352.01
2015-08-01,coffee,9305.36
2015-08-01,wheat,1535.24
2015-08-01,millets,1668.29
2015-08-01,rice,2554.54
2015-09-01,millets,1808.16
2015-09-01,rice,2582.35
2015-09-01,sunflower,3458.09
2015-09-01,maize,1405.0
2015-09-01,turmeric,7372.74
2015-09-01,groundnut,4932.88
2015-09-01,cotton,4077.37
2015-09-01,sugar,2850.43
2015-09-01,jowar(sorghum),1838.65
2015-09-01,barley (jau),1228.99
2015-09-01,coffee,8995.65
2015-09-01,wheat,1556.85
2015-09-01,ginger(dry),5012.78
2015-09-01,tea,23806.32
2015-09-01,coconut,8316.5
2015-10-01,cotton,4153.74
2015-10-01,maize,1375.91
2015-10-01,sunflower,3575.3
2015-10-01,turmeric,7475.71
2015-10-01,tea,24158.82
2015-10-01,ginger(dry),4651.78
2015-10-01,sugar,2941.66
2015-10-01,coffee,9365.57
2015-10-01,millets,1943.51
2015-10-01,jowar(sorghum),1754.97
2015-10-01,barley (jau),1307.86
2015-10-01,coconut,9478.62
2015-10-01,rice,2598.12
2015-10-01,groundnut,4413.58
2015-10-01,wheat,1620.94
2015-11-01,groundnut,4155.82
2015-11-01,sunflower,3674.04
2015-11-01,sugar,2981.68
2015-11-01,tea,27046.15
2015-11-01,coconut,13509.03
2015-11-01,rice,2601.59
2015-11-01,wheat,1644.58
2015-11-01,jowar(sorghum),1814.26
2015-11-01,coffee,9072.97
2015-11-01,barley (jau),1370.08
2015-11-01,sugarcane,378.57
2015-11-01,cotton,4107.74
2015-11-01,ginger(dry),4647.9
2015-11-01,maize,1397.88
2015-11-01,turmeric,8061.28
2015-11-01,millets,1900.56
2015-12-01,sugar,3028.65
2015-12-01,wheat,1671.4
2015-12-01,jowar(sorghum),1995.37
2015-12-01,cotton,4273.45
2015-12-01,coconut,7389.26
2015-12-01,tea,28478.38
2015-12-01,turmeric,8589.73
2015-12-01,millets,1602.61
2015-12-01,ginger(dry),4306.29
2015-12-01,barley (jau),1413.9
2015-12-01,coffee,6787.5
2015-12-01,maize,1437.79
2015-12-01,sunflower,3621.76
2015-12-01,sugarcane,941.44
2015-12-01,rice,2637.06
2015-12-01,groundnut,4238.32
2016-01-01,coconut,5501.63
2016-01-01,barley (jau),1469.23
2016-01-01,sunflower,3650.66
2016-01-01,jowar(sorghum),1977.03
2016-01-01,rice,2614.46
2016-01-01,cotton,4438.02
2016-01-01,groundnut,4347.25
2016-01-01,ginger(dry),4202.19
2016-01-01,millets,1608.89
2016-01-01,tea,27890.7
2016-01-01,sugarcane,369.92
2016-01-01,maize,1448.13
2016-01-01,sugar,3164.54
2016-01-01,turmeric,8350.63
2016-01-01,wheat,1700.67
2016-01-01,coffee,6512.5
2016-02-01,ginger(dry),4038.49
2016-02-01,sugarcane,309.07
2016-02-01,coconut,4010.99
2016-02-01,wheat,1704.4
2016-02-01,jowar(sorghum),1968.46
2016-02-01,cotton,4357.39
2016-02-01,tea,27755.81
2016-02-01,barley (jau),1465.16
2016-02-01,turmeric,8420.92
2016-02-01,groundnut,4424.2
2016-02-01,millets,1387.74
2016-02-01,rice,2610.14
2016-02-01,sunflower,3668.08
2016-02-01,maize,1447.6
2016-02-01,sugar,3234.93
2016-02-01,coffee,6571.85
2016-03-01,sugarcane,337.93
2016-03-01,wheat,1687.5
2016-03-01,barley (jau),1367.35
2016-03-01,rice,2596.18
2016-03-01,maize,1445.97
2016-03-01,cotton,4278.23
2016-03-01,coconut,4119.43
2016-03-01,sunflower,3598.15
2016-03-01,jowar(sorghum),1949.72
2016-03-01,ginger(dry),4053.38
2016-03-01,tea,28336.67
2016-03-01,sugar,3320.86
2016-03-01,millets,1618.75
2016-03-01,coffee,6058.56
2016-03-01,groundnut,4648.58
2016-03-01,turmeric,8568.09
2016-04-01,groundnut,4887.89
2016-04-01,millets,1697.41
2016-04-01,maize,1429.5
2016-04-01,rice,2556.15
2016-04-01,tea,28500.0
2016-04-01,wheat,1630.96
2016-04-01,coffee,6418.42
2016-04-01,cotton,4349.16
2016-04-01,jowar(sorghum),1975.91
2016-04-01,sugar,3623.35
2016-04-01,barley (jau),1425.96
2016-04-01,sugarcane,476.75
2016-04-01,ginger(dry),3890.89
2016-04-01,coconut,11637.19
2016-04-01,turmeric,8477.32
2016-04-01,sunflower,3609.43
2016-05-01,barley (jau),1493.69
2016-05-01,jowar(sorghum),1990.82
2016-05-01,sugarcane,396.88
2016-05-01,millets,1822.44
2016-05-01,sunflower,3462.84
2016-05-01,coffee,6745.08
2016-05-01,coconut,3811.79
2016-05-01,wheat,1663.35
2016-05-01,rice,2603.89
2016-05-01,cotton,4403.85
2016-05-01,ginger(dry),4255.87
2016-05-01,tea,28839.71
2016-05-01,maize,1445.77
2016-05-01,groundnut,5074.79
2016-05-01,sugar,3785.93
2016-05-01,turmeric,8346.64
2016-06-01,jowar(sorghum),1989.92
2016-06-01,coconut,3684.68
2016-06-01,maize,1517.49
2016-06-01,barley (jau),1566.53
2016-06-01,sunflower,3354.23
2016-06-01,turmeric,8198.0
2016-06-01,sugarcane,410.37
2016-06-01,millets,1385.0
2016-06-01,coffee,7474.63
2016-06-01,cotton,4535.75
2016-06-01,rice,2689.31
2016-06-01,tea,27556.41
2016-06-01,wheat,1729.18
2016-06-01,sugar,3801.51
2016-06-01,groundnut,5235.79
2016-06-01,ginger(dry),4687.91
2016-07-01,coconut,3502.41
2016-07-01,sugar,3895.87
2016-07-01,turmeric,8005.29
2016-07-01,coffee,7638.77
2016-07-01,jowar(sorghum),1955.56
2016-07-01,groundnut,5279.69
2016-07-01,ginger(dry),4789.43
2016-07-01,tea,29017.86
2016-07-01,barley (jau),1588.96
2016-07-01,maize,1567.04
2016-07-01,sunflower,3521.24
2016-07-01,sugarcane,361.18
2016-07-01,wheat,1740.92
2016-07-01,rice,2713.33
2016-07-01,millets,1560.48
2016-07-01,cotton,4757.12
2016-08-01,sugarcane,396.67
2016-08-01,maize,1568.38
2016-08-01,coconut,3663.18
2016-08-01,turmeric,7776.38
2016-08-01,ginger(dry),4551.5
2016-08-01,rice,2814.89
2016-08-01,cotton,4741.9
2016-08-01,barley (jau),1634.39
2016-08-01,millets,2024.17
2016-08-01,jowar(sorghum),1862.69
2016-08-01,sunflower,3577.36
2016-08-01,sugar,3938.02
2016-08-01,groundnut,5240.95
2016-08-01,tea,28241.18
2016-08-01,coffee,8719.38
2016-08-01,wheat,1752.82
2016-09-01,rice,2723.31
2016-09-01,sunflower,3410.58
2016-09-01,tea,29321.43
2016-09-01,barley (jau),1639.72
2016-09-01,sugar,3942.17
2016-09-01,cotton,4759.27
2016-09-01,jowar(sorghum),1817.18
2016-09-01,ginger(dry),4053.23
2016-09-01,turmeric,7453.59
2016-09-01,groundnut,4710.31
2016-09-01,coffee,9200.91
2016-09-01,maize,1534.8
2016-09-01,coconut,5285.95
2016-09-01,millets,1599.91
2016-09-01,wheat,1746.23
2016-10-01,wheat,1760.93
2016-10-01,ginger(dry),3737.72
2016-10-01,coconut,5535.57
2016-10-01,maize,1419.52
2016-10-01,tea,29495.24
2016-10-01,groundnut,4456.1
2016-10-01,jowar(sorghum),1681.22
2016-10-01,sugarcane,4000.0
2016-10-01,cotton,4654.78
2016-10-01,sugar,3960.8
2016-10-01,millets,1670.4
2016-10-01,sunflower,3300.21
2016-10-01,barley (jau),1665.75
2016-10-01,coffee,9652.08
2016-10-01,rice,2741.24
2016-10-01,turmeric,7554.52
2016-11-01,millets,1645.71
2016-11-01,coconut,7180.92
2016-11-01,ginger(dry),3470.18
2016-11-01,sugar,3971.44
2016-11-01,barley (jau),1770.8
2016-11-01,turmeric,7636.55
2016-11-01,tea,29502.38
2016-11-01,groundnut,4409.04
2016-11-01,rice,2743.5
2016-11-01,wheat,1906.67
2016-11-01,jowar(sorghum),1761.65
2016-11-01,coffee,8767.83
2016-11-01,maize,1380.87
2016-11-01,sugarcane,3015.79
2016-11-01,cotton,4713.4
2016-11-01,sunflower,3289.74
2016-12-01,sugar,3942.33
2016-12-01,wheat,1907.5
2016-12-01,maize,1390.49
2016-12-01,coffee,8608.94
2016-12-01,ginger(dry),3300.26
2016-12-01,cotton,4797.42
2016-12-01,barley (jau),1819.14
2016-12-01,coconut,3948.84
2016-12-01,tea,29174.0
2016-12-01,rice,2716.73
2016-12-01,jowar(sorghum),1835.2
2016-12-01,groundnut,4378.24
2016-12-01,sunflower,3260.13
2016-12-01,millets,1549.75
2016-12-01,turmeric,7860.86
2016-12-01,sugarcane,2964.29
2017-01-01,jowar(sorghum),1875.71
2017-01-01,millets,1614.76
2017-01-01,turmeric,7556.13
2017-01-01,sugar,3961.32
2017-01-01,cotton,5161.37
2017-01-01,sunflower,3197.23
2017-01-01,groundnut,4475.27
2017-01-01,coconut,7898.11
2017-01-01,barley (jau),1825.51
2017-01-01,rice,2672.57
2017-01-01,sugarcane,228.33
2017-01-01,wheat,1888.46
2017-01-01,ginger(dry),3308.91
2017-01-01,maize,1416.83
2017-01-01,tea,28514.29
2017-01-01,coffee,8453.85
2017-02-01,sunflower,3148.73
2017-02-01,groundnut,4460.56
2017-02-01,coconut,4517.4
2017-02-01,turmeric,7669.6
2017-02-01,millets,1461.61
2017-02-01,tea,28560.61
2017-02-01,cotton,5314.33
2017-02-01,coffee,8955.56
2017-02-01,wheat,1837.55
2017-02-01,rice,2690.47
2017-02-01,sugarcane,230.0
2017-02-01,barley (jau),1802.67
2017-02-01,jowar(sorghum),1967.76
2017-02-01,ginger(dry),3387.02
2017-02-01,maize,1431.6
2017-02-01,sugar,4021.35
2017-03-01,coffee,8829.37
2017-03-01,sugarcane,415.33
2017-03-01,groundnut,4817.96
2017-03-01,jowar(sorghum),1882.19
2017-03-01,tea,29525.0
2017-03-01,maize,1427.25
2017-03-01,turmeric,7250.84
2017-03-01,coconut,4677.61
2017-03-01,millets,1690.0
2017-03-01,rice,2716.14
2017-03-01,sunflower,3064.36
2017-03-01,barley (jau),1473.98
2017-03-01,ginger(dry),3421.32
2017-03-01,wheat,1722.02
2017-03-01,sugar,4049.19
2017-03-01,cotton,5257.43
2017-04-01,sunflower,2992.86
2017-04-01,millets,1800.0
2017-04-01,turmeric,6645.15
2017-04-01,rice,2731.93
2017-04-01,jowar(sorghum),1858.51
2017-04-01,sugar,4076.38
2017-04-01,groundnut,4935.49
2017-04-01,barley (jau),1439.62
2017-04-01,coffee,8684.34
2017-04-01,wheat,1677.46
2017-04-01,maize,1425.32
2017-04-01,coconut,12571.22
2017-04-01,cotton,5086.18
2017-04-01,tea,29326.09
2017-04-01,sugarcane,410.0
2017-04-01,ginger(dry),3221.55
2017-05-01,turmeric,6209.14
2017-05-01,coconut,5921.77
2017-05-01,ginger(dry),3379.08
2017-05-01,tea,29500.0
2017-05-01,rice,2759.07
2017-05-01,maize,1421.72
2017-05-01,wheat,1671.64
2017-05-01,barley (jau),1424.08
2017-05-01,millets,1855.23
2017-05-01,coffee,8588.35
2017-05-01,cotton,4822.04
2017-05-01,sunflower,3011.7
2017-05-01,sugarcane,240.0
2017-05-01,sugar,4085.98
2017-05-01,jowar(sorghum),1817.63
2017-05-01,groundnut,4788.47
2017-06-01,groundnut,4461.43
2017-06-01,cotton,4683.6
2017-06-01,wheat,1648.55
2017-06-01,sugarcane,236.67
2017-06-01,barley (jau),1406.06
2017-06-01,jowar(sorghum),1832.02
2017-06-01,sunflower,2810.35
2017-06-01,ginger(dry),3583.66
2017-06-01,sugar,4089.34
2017-06-01,rice,2767.61
2017-06-01,turmeric,6217.96
2017-06-01,coconut,5745.26
2017-06-01,millets,1560.94
2017-06-01,tea,29576.92
2017-06-01,maize,1392.3
2017-06-01,coffee,8591.35
2017-07-01,tea,29362.07
2017-07-01,rice,2762.76
2017-07-01,sunflower,2946.67
2017-07-01,coffee,8332.65
2017-07-01,millets,1549.85
2017-07-01,groundnut,4399.93
2017-07-01,maize,1391.81
2017-07-01,wheat,1640.19
2017-07-01,jowar(sorghum),1830.21
2017-07-01,sugar,4113.86
2017-07-01,barley (jau),1409.08
2017-07-01,ginger(dry),4007.62
2017-07-01,coconut,5114.42
2017-07-01,cotton,4672.31
2017-07-01,turmeric,6967.42
2017-07-01,sugarcane,230.0
2017-08-01,jowar(sorghum),1914.08
2017-08-01,groundnut,4266.26
2017-08-01,cotton,4605.47
2017-08-01,sunflower,3175.05
2017-08-01,ginger(dry),4071.16
2017-08-01,barley (jau),1405.85
2017-08-01,maize,1387.85
2017-08-01,wheat,1647.98
2017-08-01,tea,28033.33
2017-08-01,rice,2767.43
2017-08-01,coconut,5477.33
2017-08-01,coffee,9160.31
2017-08-01,sugar,4182.09
2017-08-01,millets,1723.85
2017-08-01,sugarcane,230.0
2017-08-01,turmeric,7498.0
2017-09-01,cotton,4364.65
2017-09-01,wheat,1639.31
2017-09-01,maize,1351.91
2017-09-01,sugar,4151.14
2017-09-01,barley (jau),1424.28
2017-09-01,jowar(sorghum),1809.59
2017-09-01,ginger(dry),3900.13
2017-09-01,coffee,9890.36
2017-09-01,tea,29615.38
2017-09-01,groundnut,3987.48
2017-09-01,rice,2748.8
2017-09-01,coconut,5816.11
2017-09-01,turmeric,7534.19
2017-09-01,millets,1782.67
2017-09-01,sunflower,3061.51
2017-10-01,tea,30000.0
2017-10-01,coconut,6393.45
2017-10-01,wheat,1638.26
2017-10-01,groundnut,4021.19
2017-10-01,sugar,4156.02
2017-10-01,maize,1277.21
2017-10-01,sunflower,2905.02
2017-10-01,barley (jau),1424.81
2017-10-01,rice,2775.46
2017-10-01,jowar(sorghum),1643.89
2017-10-01,ginger(dry),3942.49
2017-10-01,millets,1570.76
2017-10-01,coffee,9089.91
2017-10-01,cotton,4413.19
2017-10-01,turmeric,7481.9
2017-11-01,rice,2802.52
2017-11-01,sugar,4146.76
2017-11-01,millets,1539.63
2017-11-01,coconut,6759.09
2017-11-01,coffee,8898.18
2017-11-01,cotton,4448.5
2017-11-01,ginger(dry),3566.18
2017-11-01,maize,1224.57
2017-11-01,turmeric,7539.9
2017-11-01,jowar(sorghum),1636.96
2017-11-01,sunflower,2845.47
2017-11-01,barley (jau),1444.27
2017-11-01,sugarcane,2650.0
2017-11-01,groundnut,3925.98
2017-11-01,wheat,1657.94
2017-11-01,tea,29507.89
2017-12-01,barley (jau),1468.67
2017-12-01,coconut,7093.23
2017-12-01,cotton,4750.75
2017-12-01,wheat,1662.37
2017-12-01,millets,1649.37
2017-12-01,ginger(dry),3308.97
2017-12-01,maize,1240.38
2017-12-01,sunflower,2904.11
2017-12-01,coffee,8950.95
2017-12-01,sugar,4044.64
2017-12-01,turmeric,7603.55
2017-12-01,tea,29500.0
2017-12-01,groundnut,4001.41
2017-12-01,rice,2762.88
2017-12-01,jowar(sorghum),1683.29
2018-01-01,sugarcane,250.0
2018-01-01,coffee,8880.0
2018-01-01,wheat,1677.17
2018-01-01,tea,27555.56
2018-01-01,barley (jau),1478.59
2018-01-01,maize,1247.34
2018-01-01,rice,2740.63
2018-01-01,ginger(dry),3433.37
2018-01-01,cotton,4931.95
2018-01-01,sugar,3949.36
2018-01-01,jowar(sorghum),1740.83
2018-01-01,millets,1626.02
2018-01-01,sunflower,2948.08
2018-01-01,groundnut,3923.99
2018-01-01,coconut,7092.66
2018-01-01,turmeric,7576.56
2018-02-01,sugarcane,256.0
2018-02-01,coffee,9008.16
2018-02-01,sugar,3840.83
2018-02-01,millets,1584.42
2018-02-01,tea,29500.0
2018-02-01,groundnut,3898.1
2018-02-01,sunflower,3149.15
2018-02-01,rice,2761.51
2018-02-01,ginger(dry),3490.85
2018-02-01,jowar(sorghum),1800.02
2018-02-01,maize,1254.13
2018-02-01,cotton,4723.76
2018-02-01,coconut,7039.8
2018-02-01,wheat,1678.3
2018-02-01,barley (jau),1471.74
2018-02-01,turmeric,7663.22
2018-03-01,tea,29500.0
2018-03-01,rice,2766.74
2018-03-01,maize,1244.13
2018-03-01,barley (jau),1349.71
2018-03-01,sunflower,3183.34
2018-03-01,cotton,4542.27
2018-03-01,groundnut,3890.13
2018-03-01,ginger(dry),3631.08
2018-03-01,jowar(sorghum),1747.59
2018-03-01,wheat,1702.47
2018-03-01,coffee,9080.73
2018-03-01,sugarcane,250.56
2018-03-01,sugar,3796.59
2018-03-01,coconut,6841.18
2018-03-01,millets,1601.89
2018-03-01,turmeric,7321.29
2018-04-01,jowar(sorghum),1700.87
2018-04-01,rice,2728.02
2018-04-01,cotton,4448.41
2018-04-01,turmeric,7231.68
2018-04-01,coffee,7342.5
2018-04-01,groundnut,3770.87
2018-04-01,sugarcane,260.0
2018-04-01,ginger(dry),3900.76
2018-04-01,sugar,3689.31
2018-04-01,wheat,1729.73
2018-04-01,coconut,5977.36
2018-04-01,sunflower,3147.18
2018-04-01,millets,1640.12
2018-04-01,barley (jau),1323.3
2018-04-01,maize,1253.78
2018-05-01,sugar,3490.38
2018-05-01,coconut,6417.7
2018-05-01,groundnut,3661.29
2018-05-01,turmeric,7796.29
2018-05-01,maize,1277.06
2018-05-01,millets,1700.55
2018-05-01,ginger(dry),5635.88
2018-05-01,coffee,7455.76
2018-05-01,jowar(sorghum),1749.07
2018-05-01,tea,29708.33
2018-05-01,wheat,1749.48
2018-05-01,barley (jau),1358.25
2018-05-01,sunflower,3073.5
2018-05-01,cotton,4479.4
2018-05-01,rice,2792.35
2018-06-01,millets,1735.32
2018-06-01,maize,1297.7
2018-06-01,turmeric,7530.93
2018-06-01,ginger(dry),5844.61
2018-06-01,groundnut,3624.25
2018-06-01,coconut,6338.58
2018-06-01,barley (jau),1397.49
2018-06-01,jowar(sorghum),1903.78
2018-06-01,cotton,4738.92
2018-06-01,sugarcane,230.0
2018-06-01,tea,29282.61
2018-06-01,coffee,8284.16
2018-06-01,sugar,3541.88
2018-06-01,sunflower,3150.65
2018-06-01,rice,2796.17
2018-06-01,wheat,1756.9
2018-07-01,sunflower,3263.76
2018-07-01,groundnut,3745.22
2018-07-01,tea,29916.67
2018-07-01,coconut,6849.31
2018-07-01,cotton,4747.39
2018-07-01,coffee,8832.28
2018-07-01,sugar,3706.51
2018-07-01,sugarcane,230.0
2018-07-01,turmeric,7279.99
2018-07-01,millets,1775.09
2018-07-01,rice,2820.44
2018-07-01,barley (jau),1460.95
2018-07-01,maize,1313.76
2018-07-01,jowar(sorghum),1954.42
2018-07-01,ginger(dry),6048.26
2018-07-01,wheat,1804.62
2018-08-01,coconut,7209.99
2018-08-01,barley (jau),1510.52
2018-08-01,turmeric,7088.19
2018-08-01,millets,1780.16
2018-08-01,sunflower,3437.35
2018-08-01,rice,2825.6
2018-08-01,tea,29391.3
2018-08-01,ginger(dry),5948.7
2018-08-01,groundnut,4082.26
2018-08-01,coffee,11073.5
2018-08-01,maize,1353.57
2018-08-01,cotton,4888.59
2018-08-01,wheat,1869.65
2018-08-01,jowar(sorghum),1975.92
2018-08-01,sugar,3787.8
2018-08-01,sugarcane,230.0
2018-09-01,sugar,3724.72
2018-09-01,sunflower,3675.15
2018-09-01,cotton,5023.25
2018-09-01,tea,30250.0
2018-09-01,coffee,9804.62
2018-09-01,groundnut,4131.13
2018-09-01,coconut,8322.44
2018-09-01,turmeric,6976.59
2018-09-01,wheat,1877.19
2018-09-01,rice,2783.13
2018-09-01,barley (jau),1548.39
2018-09-01,millets,1800.34
2018-09-01,ginger(dry),5730.63
2018-09-01,maize,1383.72
2018-09-01,jowar(sorghum),1853.46
2018-10-01,wheat,1899.07
2018-10-01,ginger(dry),6146.07
2018-10-01,sugar,3669.8
2018-10-01,groundnut,4214.42
2018-10-01,coconut,18875.76
2018-10-01,coffee,10767.53
2018-10-01,jowar(sorghum),1975.27
2018-10-01,maize,1394.96
2018-10-01,sugarcane,15.0
2018-10-01,millets,1682.4
2018-10-01,barley (jau),1578.14
2018-10-01,rice,2769.43
2018-10-01,sunflower,3603.1
2018-10-01,turmeric,6842.0
2018-10-01,cotton,5343.13
2018-11-01,turmeric,7097.79
2018-11-01,groundnut,4335.7
2018-11-01,maize,1426.14
2018-11-01,millets,1704.76
2018-11-01,ginger(dry),6524.46
2018-11-01,rice,2755.73
2018-11-01,coconut,16225.37
2018-11-01,cotton,5498.25
2018-11-01,barley (jau),1641.34
2018-11-01,sunflower,3696.37
2018-11-01,wheat,1934.13
2018-11-01,tea,15000.0
2018-11-01,sugar,3669.24
2018-11-01,jowar(sorghum),2390.22
2018-11-01,coffee,12645.65
2018-11-01,sugarcane,15.0
2018-12-01,ginger(dry),6325.57
2018-12-01,sunflower,3697.24
2018-12-01,sugar,3618.84
2018-12-01,turmeric,7063.19
2018-12-01,coffee,9766.16
2018-12-01,millets,1907.49
2018-12-01,cotton,5374.74
2018-12-01,groundnut,4259.2
2018-12-01,wheat,1959.32
2018-12-01,sugarcane,261.0
2018-12-01,jowar(sorghum),2394.36
2018-12-01,maize,1577.7
2018-12-01,coconut,13111.4
2018-12-01,barley (jau),1680.5
2018-12-01,rice,2740.85
2019-01-01,sunflower,3817.56
2019-01-01,coffee,9688.12
2019-01-01,cotton,5330.98
2019-01-01,barley (jau),1709.03
2019-01-01,maize,1687.79
2019-01-01,sugarcane,2330.25
2019-01-01,jowar(sorghum),2356.26
2019-01-01,turmeric,7017.43
2019-01-01,sugar,3532.45
2019-01-01,wheat,1988.05
2019-01-01,rice,2746.78
2019-01-01,ginger(dry),6774.81
2019-01-01,millets,2009.63
2019-01-01,groundnut,4271.97
2019-01-01,coconut,21332.59
2019-02-01,ginger(dry),7212.63
2019-02-01,sunflower,3839.42
2019-02-01,turmeric,6850.64
2019-02-01,rice,2766.87
2019-02-01,maize,1839.28
2019-02-01,sugarcane,272.2
2019-02-01,wheat,1981.2
2019-02-01,barley (jau),1761.29
2019-02-01,jowar(sorghum),2382.94
2019-02-01,sugar,3565.97
2019-02-01,coffee,8925.0
2019-02-01,groundnut,4394.74
2019-02-01,coconut,6013.25
2019-02-01,millets,2192.89
2019-02-01,cotton,5235.52
2019-03-01,rice,2776.12
2019-03-01,wheat,1926.27
2019-03-01,maize,1845.83
2019-03-01,jowar(sorghum),2383.12
2019-03-01,coffee,9633.88
2019-03-01,millets,2248.98
2019-03-01,sunflower,3528.73
2019-03-01,turmeric,6745.36
2019-03-01,sugar,3552.99
2019-03-01,cotton,5381.66
2019-03-01,groundnut,4482.65
2019-03-01,sugarcane,259.9
2019-03-01,ginger(dry),7630.26
2019-03-01,barley (jau),1665.38
2019-03-01,coconut,6547.63
2019-04-01,coconut,5495.55
2019-04-01,turmeric,6658.95
2019-04-01,sugar,3459.0
2019-04-01,jowar(sorghum),2436.58
2019-04-01,coffee,9837.93
2019-04-01,groundnut,4740.31
2019-04-01,wheat,1860.49
2019-04-01,ginger(dry),7934.76
2019-04-01,rice,2793.39
2019-04-01,maize,1951.69
2019-04-01,barley (jau),1610.16
2019-04-01,sunflower,3506.71
2019-04-01,sugarcane,263.0
2019-04-01,millets,2423.09
2019-04-01,cotton,5756.67
2019-05-01,cotton,5622.87
2019-05-01,barley (jau),1688.93
2019-05-01,maize,1932.18
2019-05-01,turmeric,6561.82
2019-05-01,sunflower,3491.86
2019-05-01,wheat,1882.64
2019-05-01,sugarcane,265.33
2019-05-01,groundnut,5055.92
2019-05-01,millets,2443.47
2019-05-01,sugar,3537.65
2019-05-01,rice,2809.56
2019-05-01,coconut,7702.92
2019-05-01,ginger(dry),8550.33
2019-05-01,coffee,10212.5
2019-05-01,jowar(sorghum),2471.7
2019-06-01,sunflower,3759.69
2019-06-01,barley (jau),1698.13
2019-06-01,maize,1894.12
2019-06-01,groundnut,5244.43
2019-06-01,rice,2796.77
2019-06-01,coconut,11827.9
2019-06-01,sugarcane,265.79
2019-06-01,wheat,1879.2
2019-06-01,coffee,10346.79
2019-06-01,ginger(dry),10013.74
2019-06-01,sugar,3631.62
2019-06-01,turmeric,6424.45
2019-06-01,cotton,5457.02
2019-06-01,jowar(sorghum),2566.8
2019-06-01,millets,2518.52
2019-07-01,coffee,11477.27
2019-07-01,ginger(dry),10484.36
2019-07-01,groundnut,5428.57
2019-07-01,cotton,5371.34
2019-07-01,maize,1967.68
2019-07-01,sunflower,3614.89
2019-07-01,coconut,17624.68
2019-07-01,jowar(sorghum),2656.62
2019-07-01,turmeric,6396.42
2019-07-01,barley (jau),1729.98
2019-07-01,sugar,3604.59
2019-07-01,rice,2788.21
2019-07-01,millets,2655.79
2019-07-01,wheat,1911.66
2019-08-01,sunflower,3692.33
2019-08-01,ginger(dry),10290.23
2019-08-01,turmeric,6499.62
2019-08-01,cotton,5254.12
2019-08-01,sugar,3623.49
2019-08-01,coconut,33441.89
2019-08-01,jowar(sorghum),2703.07
2019-08-01,millets,2706.41
2019-08-01,wheat,1972.14
2019-08-01,barley (jau),1753.66
2019-08-01,maize,2000.79
2019-08-01,coffee,11614.56
2019-08-01,groundnut,5501.28
2019-08-01,sugarcane,300.0
2019-08-01,rice,2806.5
2019-09-01,jowar(sorghum),2562.1
2019-09-01,coconut,28183.26
2019-09-01,rice,2818.5
2019-09-01,coffee,11295.5
2019-09-01,maize,1972.05
2019-09-01,wheat,1968.81
2019-09-01,ginger(dry),8787.95
2019-09-01,sunflower,3827.49
2019-09-01,barley (jau),1767.42
2019-09-01,cotton,5102.94
2019-09-01,groundnut,5671.69
2019-09-01,turmeric,6520.87
2019-09-01,millets,2279.24
2019-09-01,sugar,3661.55
2019-10-01,coffee,10360.0
2019-10-01,ginger(dry),7329.49
2019-10-01,maize,1860.45
2019-10-01,millets,2175.9
2019-10-01,barley (jau),1802.11
2019-10-01,wheat,2003.45
2019-10-01,groundnut,5060.26
2019-10-01,rice,2827.6
2019-10-01,cotton,4939.53
2019-10-01,sugar,3692.0
2019-10-01,jowar(sorghum),2381.39
2019-10-01,turmeric,6379.91
2019-10-01,sunflower,3564.37
2019-10-01,sugarcane,25.0
2019-10-01,coconut,43351.91
2019-11-01,barley (jau),1844.29
2019-11-01,coconut,39811.7
2019-11-01,coffee,10072.5
2019-11-01,millets,2100.5
2019-11-01,ginger(dry),6809.29
2019-11-01,rice,2850.89
2019-11-01,groundnut,4540.65
2019-11-01,wheat,2048.83
2019-11-01,turmeric,6511.46
2019-11-01,sugar,3624.56
2019-11-01,sunflower,3379.82
2019-11-01,jowar(sorghum),2346.81
2019-11-01,cotton,4868.02
2019-11-01,maize,1740.8
2019-12-01,cotton,5042.01
2019-12-01,groundnut,4514.95
2019-12-01,coconut,33771.93
2019-12-01,turmeric,6178.13
2019-12-01,coffee,9908.82
2019-12-01,ginger(dry),6214.66
2019-12-01,jowar(sorghum),2517.96
2019-12-01,sunflower,3597.73
2019-12-01,sugar,3585.16
2019-12-01,wheat,2068.61
2019-12-01,maize,1862.85
2019-12-01,millets,1857.89
2019-12-01,barley (jau),1866.44
2019-12-01,rice,2821.01
2020-01-01,cotton,5096.51
2020-01-01,barley (jau),1923.22
2020-01-01,wheat,2126.37
2020-01-01,groundnut,4631.8
2020-01-01,millets,1955.0
2020-01-01,sugar,3545.49
2020-01-01,rice,2768.89
2020-01-01,sugarcane,265.11
2020-01-01,coffee,9689.91
2020-01-01,turmeric,6491.18
2020-01-01,maize,1852.75
2020-01-01,jowar(sorghum),2641.51
2020-01-01,sunflower,3899.84
2020-01-01,ginger(dry),5922.81
2020-01-01,coconut,45412.6
2020-02-01,wheat,2060.85
2020-02-01,rice,2778.45
2020-02-01,sugarcane,271.25
2020-02-01,cotton,4924.35
2020-02-01,coffee,9738.14
2020-02-01,barley (jau),1926.83
2020-02-01,millets,1981.82
2020-02-01,turmeric,6444.18
2020-02-01,maize,1704.79
2020-02-01,groundnut,4854.33
2020-02-01,coconut,34985.93
2020-02-01,ginger(dry),6004.99
2020-02-01,sugar,3557.52
2020-02-01,sunflower,3800.59
2020-02-01,jowar(sorghum),2504.49
2020-03-01,coffee,9953.93
2020-03-01,coconut,11465.45
2020-03-01,wheat,1923.22
2020-03-01,ginger(dry),6027.73
2020-03-01,maize,1578.73
2020-03-01,sugar,3548.09
2020-03-01,turmeric,6443.59
2020-03-01,rice,2799.61
2020-03-01,cotton,4727.94
2020-03-01,barley (jau),1782.19
2020-03-01,millets,2270.0
2020-03-01,groundnut,5334.0
2020-03-01,jowar(sorghum),2366.19
2020-03-01,sunflower,3440.06
2020-03-01,sugarcane,268.33
2020-04-01,barley (jau),1653.78
2020-04-01,jowar(sorghum),2419.57
2020-04-01,millets,1000.0
2020-04-01,sugar,3585.15
2020-04-01,coconut,5815.55
2020-04-01,sunflower,3649.4
2020-04-01,maize,1547.57
2020-04-01,rice,2829.43
2020-04-01,coffee,10883.61
2020-04-01,ginger(dry),7031.91
2020-04-01,turmeric,6538.43
2020-04-01,groundnut,5785.38
2020-04-01,wheat,1926.64
2020-04-01,sugarcane,949.2
2020-04-01,cotton,4165.8
2020-05-01,ginger(dry),7585.28
2020-05-01,turmeric,6007.22
2020-05-01,sunflower,3484.42
2020-05-01,coffee,10876.12
2020-05-01,wheat,1907.29
2020-05-01,millets,1675.0
2020-05-01,groundnut,5381.72
2020-05-01,barley (jau),1602.28
2020-05-01,cotton,4391.52
2020-05-01,rice,2834.09
2020-05-01,sugarcane,267.75
2020-05-01,coconut,33368.33
2020-05-01,maize,1384.91
2020-05-01,sugar,3517.08
2020-05-01,jowar(sorghum),2392.89
2020-06-01,ginger(dry),8613.16
2020-06-01,maize,1367.7
2020-06-01,sunflower,3865.43
2020-06-01,millets,1900.0
2020-06-01,wheat,1868.32
2020-06-01,coffee,11000.0
2020-06-01,jowar(sorghum),2432.0
2020-06-01,rice,2801.11
2020-06-01,groundnut,5243.55
2020-06-01,sugar,3532.27
2020-06-01,turmeric,5951.15
2020-06-01,coconut,15044.19
2020-06-01,cotton,4426.84
2020-06-01,barley (jau),1513.76
2020-07-01,rice,2801.72
2020-07-01,sunflower,3928.33
2020-07-01,coconut,17097.98
2020-07-01,coffee,11547.95
2020-07-01,sugarcane,4000.0
2020-07-01,barley (jau),1461.0
2020-07-01,wheat,1835.6
2020-07-01,millets,2057.14
2020-07-01,jowar(sorghum),2385.56
2020-07-01,ginger(dry),9462.33
2020-07-01,cotton,4325.92
2020-07-01,maize,1338.15
2020-07-01,turmeric,6017.5
2020-07-01,groundnut,5285.33
2020-07-01,sugar,3597.21
2020-08-01,sugar,3593.73
2020-08-01,cotton,4283.25
2020-08-01,maize,1304.89
2020-08-01,coffee,10425.76
2020-08-01,wheat,1782.08
2020-08-01,coconut,5056.17
2020-08-01,rice,2790.37
2020-08-01,sunflower,3682.48
2020-08-01,barley (jau),1472.63
2020-08-01,ginger(dry),7571.31
2020-08-01,turmeric,5957.9
2020-08-01,groundnut,5151.01
2020-08-01,millets,2044.44
2020-08-01,jowar(sorghum),2189.14
2020-09-01,coffee,10231.35
2020-09-01,sugarcane,3500.0
2020-09-01,cotton,4428.0
2020-09-01,ginger(dry),7050.78
2020-09-01,turmeric,5931.7
2020-09-01,jowar(sorghum),2030.93
2020-09-01,sunflower,4330.97
2020-09-01,wheat,1701.05
2020-09-01,coconut,5288.55
2020-09-01,millets,2444.44
2020-09-01,barley (jau),1421.59
2020-09-01,sugar,3585.61
2020-09-01,groundnut,4593.17
2020-09-01,maize,1277.05
2020-09-01,rice,2771.94
2020-10-01,barley (jau),1429.61
2020-10-01,rice,2715.19
2020-10-01,turmeric,5880.24
2020-10-01,coconut,5743.68
2020-10-01,ginger(dry),5868.82
2020-10-01,cotton,4750.48
2020-10-01,groundnut,4631.2
2020-10-01,maize,1278.8
2020-10-01,sugar,3527.87
2020-10-01,millets,2200.0
2020-10-01,wheat,1684.33
2020-10-01,sunflower,3926.98
2020-10-01,jowar(sorghum),1976.38
2020-10-01,coffee,9507.32
2020-11-01,sugar,3512.27
2020-11-01,groundnut,4792.13
2020-11-01,cotton,5097.34
2020-11-01,ginger(dry),5112.51
2020-11-01,millets,2230.0
2020-11-01,coconut,5693.09
2020-11-01,wheat,1706.73
2020-11-01,rice,2687.72
2020-11-01,sunflower,4136.88
2020-11-01,barley (jau),1462.5
2020-11-01,jowar(sorghum),1984.46
2020-11-01,turmeric,5885.73
2020-11-01,maize,1415.24
2020-11-01,coffee,9840.48
2020-11-01,sugarcane,900.0
2020-12-01,coffee,9730.28
2020-12-01,barley (jau),1454.48
2020-12-01,jowar(sorghum),1975.1
2020-12-01,millets,1925.0
2020-12-01,rice,2634.32
2020-12-01,sugar,3521.05
2020-12-01,maize,1419.01
2020-12-01,cotton,5284.49
2020-12-01,ginger(dry),4110.43
2020-12-01,sugarcane,283.93
2020-12-01,groundnut,5028.08
2020-12-01,coconut,6316.08
2020-12-01,sunflower,4756.43
2020-12-01,wheat,1663.38
2020-12-01,turmeric,6134.4
2021-01-01,rice,2635.48
2021-01-01,wheat,1741.35
2021-01-01,sugarcane,287.0
2021-01-01,turmeric,6290.5
2021-01-01,sugar,3470.96
2021-01-01,jowar(sorghum),2041.96
2021-01-01,maize,1377.77
2021-01-01,millets,2150.0
2021-01-01,barley (jau),1492.23
2021-01-01,coffee,9597.79
2021-01-01,coconut,6194.39
2021-01-01,cotton,5417.16
2021-01-01,sunflower,5253.03
2021-01-01,ginger(dry),3852.96
2021-01-01,groundnut,5248.37
2021-02-01,rice,2663.19
2021-02-01,barley (jau),1485.41
2021-02-01,coffee,9339.24
2021-02-01,jowar(sorghum),2059.76
2021-02-01,sunflower,5486.5
2021-02-01,wheat,1731.81
2021-02-01,turmeric,7200.09
2021-02-01,coconut,5272.95
2021-02-01,sugar,3463.73
2021-02-01,sugarcane,294.5
2021-02-01,groundnut,5611.9
2021-02-01,ginger(dry),4295.61
2021-02-01,maize,1344.75
2021-02-01,cotton,5630.92
2021-02-01,millets,2817.59
2021-03-01,millets,2396.26
2021-03-01,jowar(sorghum),2180.8
2021-03-01,turmeric,8040.89
2021-03-01,wheat,1749.94
2021-03-01,coffee,8674.68
2021-03-01,sugar,3454.17
2021-03-01,ginger(dry),4134.09
2021-03-01,coconut,5396.21
2021-03-01,groundnut,6022.29
2021-03-01,cotton,5735.57
2021-03-01,sunflower,6196.93
2021-03-01,barley (jau),1458.27
2021-03-01,sugarcane,279.5
2021-03-01,maize,1413.44
2021-03-01,rice,2683.44
2021-04-01,sugarcane,2000.0
2021-04-01,turmeric,7772.43
2021-04-01,coffee,8402.63
2021-04-01,maize,1476.87
2021-04-01,ginger(dry),4667.21
2021-04-01,jowar(sorghum),2091.6
2021-04-01,groundnut,5678.78
2021-04-01,sunflower,6031.18
2021-04-01,millets,2438.86
2021-04-01,rice,2706.23
2021-04-01,wheat,1887.38
2021-04-01,barley (jau),1579.56
2021-04-01,coconut,4935.18
2021-04-01,cotton,5565.35
2021-04-01,sugar,3507.76
2021-05-01,groundnut,5333.88
2021-05-01,cotton,5326.31
2021-05-01,ginger(dry),4659.75
2021-05-01,maize,1516.83
2021-05-01,wheat,1911.54
2021-05-01,coffee,10397.14
2021-05-01,coconut,3887.36
2021-05-01,rice,2740.06
2021-05-01,sunflower,5868.07
2021-05-01,sugarcane,275.0
2021-05-01,turmeric,7538.86
2021-05-01,barley (jau),1643.59
2021-05-01,jowar(sorghum),1953.06
2021-05-01,sugar,3568.12
2021-05-01,millets,2861.2
2021-06-01,sunflower,5509.57
2021-06-01,barley (jau),1658.71
2021-06-01,wheat,1822.91
2021-06-01,maize,1556.74
2021-06-01,cotton,5912.21
2021-06-01,coconut,4019.63
2021-06-01,groundnut,5125.72
2021-06-01,jowar(sorghum),1956.56
2021-06-01,ginger(dry),5381.55
2021-06-01,rice,2738.9
2021-06-01,turmeric,7323.48
2021-06-01,coffee,10055.81
2021-06-01,millets,2594.31
2021-06-01,sugar,3553.67
2021-07-01,barley (jau),1684.87
2021-07-01,jowar(sorghum),1905.61
2021-07-01,turmeric,7463.86
2021-07-01,maize,1661.78
2021-07-01,wheat,1768.06
2021-07-01,cotton,6181.63
2021-07-01,coffee,10069.39
2021-07-01,groundnut,5217.33
2021-07-01,ginger(dry),5771.75
2021-07-01,sunflower,5573.1
2021-07-01,rice,2747.31
2021-07-01,coconut,4548.28
2021-07-01,sugar,3483.6
2021-07-01,millets,2518.18
2021-08-01,coconut,4908.15
2021-08-01,jowar(sorghum),1789.49
2021-08-01,maize,1720.55
2021-08-01,sugar,3573.62
2021-08-01,millets,2358.94
2021-08-01,ginger(dry),5087.02
2021-08-01,wheat,1787.63
2021-08-01,turmeric,7230.08
2021-08-01,coffee,10590.91
2021-08-01,groundnut,5634.64
2021-08-01,rice,2740.39
2021-08-01,sunflower,6102.36
2021-08-01,barley (jau),1778.64
2021-08-01,cotton,6762.97
2021-09-01,jowar(sorghum),1754.26
2021-09-01,coffee,9591.78
2021-09-01,rice,2737.35
2021-09-01,maize,1690.47
2021-09-01,sugarcane,2675.0
2021-09-01,ginger(dry),4496.28
2021-09-01,turmeric,7177.88
2021-09-01,barley (jau),1853.16
2021-09-01,cotton,6199.17
2021-09-01,millets,3038.73
2021-09-01,coconut,4614.2
2021-09-01,sugar,3741.63
2021-09-01,groundnut,5611.95
2021-09-01,wheat,1871.44
2021-09-01,sunflower,5329.33
2021-10-01,rice,2763.15
2021-10-01,cotton,7080.81
2021-10-01,coffee,9530.26
2021-10-01,groundnut,5350.25
2021-10-01,coconut,4419.24
2021-10-01,barley (jau),1910.08
2021-10-01,maize,1571.24
2021-10-01,sunflower,5351.0
2021-10-01,sugarcane,300.0
2021-10-01,wheat,1915.57
2021-10-01,sugar,3812.5
2021-10-01,turmeric,7153.33
2021-10-01,jowar(sorghum),1693.93
2021-10-01,millets,2821.48
2021-10-01,ginger(dry),4628.93
2021-11-01,sunflower,5293.07
2021-11-01,turmeric,7112.26
2021-11-01,sugarcane,267.47
2021-11-01,rice,2793.28
2021-11-01,cotton,7720.58
2021-11-01,groundnut,5431.64
2021-11-01,coconut,4472.18
2021-11-01,wheat,1947.59
2021-11-01,barley (jau),1960.67
2021-11-01,sugar,3804.62
2021-11-01,maize,1594.7
2021-11-01,jowar(sorghum),1716.14
2021-11-01,ginger(dry),4680.76
2021-11-01,coffee,9661.04
2021-11-01,millets,2572.73
2021-12-01,sugar,3716.93
2021-12-01,turmeric,7797.97
2021-12-01,maize,1623.77
2021-12-01,coconut,4811.19
2021-12-01,cotton,7924.82
2021-12-01,rice,2783.81
2021-12-01,groundnut,5493.06
2021-12-01,sunflower,5064.39
2021-12-01,wheat,1950.14
2021-12-01,jowar(sorghum),1809.59
2021-12-01,coffee,9975.0
2021-12-01,ginger(dry),3865.62
2021-12-01,millets,3184.81
2021-12-01,barley (jau),2017.43
2021-12-01,sugarcane,296.76
2022-01-01,groundnut,5494.99
2022-01-01,coconut,4312.17
2022-01-01,cotton,8709.97
2022-01-01,sugar,3697.52
2022-01-01,wheat,1965.45
2022-01-01,rice,2838.62
2022-01-01,turmeric,7659.07
2022-01-01,barley (jau),2047.19
2022-01-01,millets,3459.22
2022-01-01,sunflower,5286.13
2022-01-01,maize,1718.96
2022-01-01,coffee,10088.82
2022-01-01,jowar(sorghum),1921.15
2022-01-01,ginger(dry),3466.06
2022-01-01,sugarcane,318.03
2022-02-01,millets,3426.41
2022-02-01,coffee,10560.64
2022-02-01,coconut,4105.41
2022-02-01,jowar(sorghum),2005.41
2022-02-01,sugar,3699.78
2022-02-01,wheat,1988.49
2022-02-01,cotton,8991.09
2022-02-01,barley (jau),2119.46
2022-02-01,turmeric,7194.51
2022-02-01,sugarcane,295.78
2022-02-01,maize,1833.29
2022-02-01,sunflower,5716.14
2022-02-01,groundnut,5489.5
2022-02-01,ginger(dry),3572.89
2022-02-01,rice,2853.52
2022-03-01,barley (jau),2222.19
2022-03-01,wheat,2100.39
2022-03-01,cotton,9013.42
2022-03-01,sugarcane,294.56
2022-03-01,coffee,8773.57
2022-03-01,coconut,4211.98
2022-03-01,sugar,3747.81
2022-03-01,turmeric,7091.09
2022-03-01,sunflower,6676.24
2022-03-01,millets,3434.53
2022-03-01,ginger(dry),4013.82
2022-03-01,maize,1979.05
2022-03-01,jowar(sorghum),2158.99
2022-03-01,groundnut,5920.57
2022-03-01,rice,2867.78
2022-04-01,cotton,9815.44
2022-04-01,wheat,2113.39
2022-04-01,sugar,3736.47
2022-04-01,turmeric,6913.66
2022-04-01,ginger(dry),4017.6
2022-04-01,barley (jau),2528.47
2022-04-01,sugarcane,296.15
2022-04-01,jowar(sorghum),2283.06
2022-04-01,maize,2044.89
2022-04-01,millets,3203.72
2022-04-01,sunflower,6375.43
2022-04-01,rice,2875.61
2022-04-01,coconut,4329.54
2022-04-01,groundnut,5915.57
2022-04-01,coffee,11243.15
2022-05-01,groundnut,5821.62
2022-05-01,maize,2039.46
2022-05-01,coffee,12244.2
2022-05-01,jowar(sorghum),2275.68
2022-05-01,barley (jau),2521.97
2022-05-01,millets,3010.0
2022-05-01,ginger(dry),4146.68
2022-05-01,wheat,2125.76
2022-05-01,turmeric,6576.24
2022-05-01,sunflower,6092.52
2022-05-01,sugar,3755.94
2022-05-01,rice,2883.65
2022-05-01,coconut,4145.36
2022-05-01,cotton,10056.78
2022-05-01,sugarcane,298.33
2022-06-01,wheat,2073.7
2022-06-01,sunflower,5694.1
2022-06-01,groundnut,5767.18
2022-06-01,ginger(dry),4456.63
2022-06-01,barley (jau),2501.17
2022-06-01,rice,2909.83
2022-06-01,millets,3333.68
2022-06-01,coconut,4223.29
2022-06-01,cotton,9318.3
2022-06-01,maize,2028.96
2022-06-01,sugar,3740.11
2022-06-01,sugarcane,300.0
2022-06-01,jowar(sorghum),2340.42
2022-06-01,coffee,13489.42
2022-06-01,turmeric,6408.7
2022-07-01,coffee,12443.86
2022-07-01,barley (jau),2538.16
2022-07-01,jowar(sorghum),2479.78
2022-07-01,maize,2066.51
2022-07-01,rice,2913.43
2022-07-01,sugarcane,3442.3
2022-07-01,wheat,2132.43
2022-07-01,cotton,8199.31
2022-07-01,sunflower,5495.98
2022-07-01,coconut,3940.78
2022-07-01,millets,3303.85
2022-07-01,ginger(dry),4793.63
2022-07-01,groundnut,5931.24
2022-07-01,turmeric,6624.08
2022-07-01,sugar,3733.03
2022-08-01,coconut,3949.23
2022-08-01,coffee,12729.85
2022-08-01,rice,3012.76
2022-08-01,jowar(sorghum),2470.07
2022-08-01,cotton,8826.57
2022-08-01,turmeric,6625.63
2022-08-01,maize,2144.26
2022-08-01,barley (jau),2563.39
2022-08-01,groundnut,6006.9
2022-08-01,sunflower,5901.65
2022-08-01,sugarcane,4223.0
2022-08-01,millets,3567.36
2022-08-01,ginger(dry),4746.87
2022-08-01,sugar,3783.72
2022-08-01,wheat,2254.57
2022-09-01,sugar,3788.38
2022-09-01,turmeric,6443.03
2022-09-01,rice,3056.95
2022-09-01,sunflower,5109.32
2022-09-01,jowar(sorghum),2486.28
2022-09-01,maize,2111.81
2022-09-01,barley (jau),2565.05
2022-09-01,wheat,2262.45
2022-09-01,millets,3257.42
2022-09-01,coconut,4080.8
2022-09-01,ginger(dry),4188.3
2022-09-01,groundnut,5986.07
2022-09-01,cotton,8394.02
2022-09-01,coffee,13434.68
2022-09-01,sugarcane,300.0
2022-10-01,millets,2894.56
2022-10-01,sugarcane,300.0
2022-10-01,cotton,7962.29
2022-10-01,sunflower,5422.82
2022-10-01,jowar(sorghum),2497.83
2022-10-01,sugar,3858.68
2022-10-01,tea,27000.0
2022-10-01,coffee,12727.46
2022-10-01,rice,3005.4
2022-10-01,maize,1947.74
2022-10-01,barley (jau),2574.5
2022-10-01,groundnut,5897.38
2022-10-01,wheat,2310.44
2022-10-01,turmeric,6580.21
2022-10-01,ginger(dry),4455.2
2022-10-01,coconut,3812.36
2022-11-01,wheat,2477.68
2022-11-01,coconut,3886.8
2022-11-01,barley (jau),2653.38
2022-11-01,sunflower,5710.08
2022-11-01,jowar(sorghum),2927.14
2022-11-01,rice,2976.4
2022-11-01,cotton,8344.06
2022-11-01,groundnut,5902.97
2022-11-01,sugar,3868.09
2022-11-01,turmeric,6659.16
2022-11-01,maize,2007.96
2022-11-01,ginger(dry),4593.64
2022-11-01,coffee,11997.73
2022-11-01,millets,2751.63
2022-11-01,sugarcane,275.0
2022-12-01,sugarcane,331.33
2022-12-01,sugar,3835.53
2022-12-01,millets,3369.96
2022-12-01,turmeric,6791.97
2022-12-01,coconut,3991.61
2022-12-01,barley (jau),2708.6
2022-12-01,sunflower,5633.07
2022-12-01,ginger(dry),4656.05
2022-12-01,rice,2940.66
2022-12-01,coffee,12572.73
2022-12-01,maize,2086.54
2022-12-01,cotton,8046.11
2022-12-01,groundnut,6183.83
2022-12-01,jowar(sorghum),3152.56
2022-12-01,wheat,2565.7
2023-01-01,maize,2127.73
2023-01-01,rice,2974.22
2023-01-01,barley (jau),2750.57
2023-01-01,sugar,3821.33
2023-01-01,groundnut,6484.12
2023-01-01,turmeric,6811.11
2023-01-01,sunflower,5521.7
2023-01-01,sugarcane,290.92
2023-01-01,millets,3295.09
2023-01-01,coconut,4006.85
2023-01-01,ginger(dry),4709.43
2023-01-01,jowar(sorghum),3452.87
2023-01-01,coffee,12481.67
2023-01-01,cotton,7902.96
2023-01-01,wheat,2672.07
2023-02-01,coconut,3981.14
2023-02-01,barley (jau),2697.17
2023-02-01,groundnut,6782.97
2023-02-01,ginger(dry),5058.64
2023-02-01,maize,2104.84
2023-02-01,coffee,14114.58
2023-02-01,wheat,2477.88
2023-02-01,turmeric,6701.34
2023-02-01,cotton,7699.52
2023-02-01,jowar(sorghum),3502.32
2023-02-01,millets,3334.82
2023-02-01,sunflower,5149.03
2023-02-01,rice,3021.26
2023-02-01,sugarcane,291.67
2023-02-01,sugar,3764.78
2023-03-01,sugarcane,289.67
2023-03-01,sunflower,4655.44
2023-03-01,coffee,14704.84
2023-03-01,maize,2093.35
2023-03-01,cotton,7392.47
2023-03-01,coconut,4277.03
2023-03-01,wheat,2249.98
2023-03-01,barley (jau),2255.87
2023-03-01,millets,3218.75
2023-03-01,sugar,3769.13
2023-03-01,rice,3013.14
2023-03-01,groundnut,6745.34
2023-03-01,turmeric,6432.2
2023-03-01,jowar(sorghum),3511.04
2023-03-01,ginger(dry),5838.17
2023-04-01,cotton,7512.69
2023-04-01,groundnut,6611.59
2023-04-01,coffee,16780.43
2023-04-01,turmeric,5916.4
2023-04-01,rice,3016.2
2023-04-01,sugarcane,298.16
2023-04-01,wheat,2204.92
2023-04-01,ginger(dry),7131.98
2023-04-01,maize,2005.26
2023-04-01,sunflower,4406.82
2023-04-01,barley (jau),1985.44
2023-04-01,sugar,3840.27
2023-04-01,millets,3273.44
2023-04-01,coconut,3791.21
2023-04-01,jowar(sorghum),3329.02
2023-05-01,jowar(sorghum),3141.94
2023-05-01,coffee,17445.45
2023-05-01,rice,3055.08
2023-05-01,millets,3272.53
2023-05-01,sunflower,4031.56
2023-05-01,coconut,3754.15
2023-05-01,groundnut,6467.82
2023-05-01,maize,1890.47
2023-05-01,ginger(dry),8633.94
2023-05-01,wheat,2229.2
2023-05-01,barley (jau),1905.76
2023-05-01,sugar,3842.54
2023-05-01,cotton,7136.88
2023-05-01,sugarcane,294.12
2023-05-01,turmeric,5952.56
2023-06-01,groundnut,6388.5
2023-06-01,coconut,3925.9
2023-06-01,turmeric,6223.15
2023-06-01,sunflower,4148.33
2023-06-01,jowar(sorghum),3370.07
2023-06-01,wheat,2276.12
2023-06-01,cotton,6796.77
2023-06-01,maize,1871.36
2023-06-01,sugar,3862.44
2023-06-01,millets,3427.72
2023-06-01,rice,3085.42
2023-06-01,coffee,19244.74
2023-06-01,barley (jau),1835.18
2023-06-01,ginger(dry),11859.08
2023-06-01,sugarcane,300.0
2023-07-01,sunflower,4310.68
2023-07-01,coconut,3760.12
2023-07-01,cotton,6656.2
2023-07-01,turmeric,8424.51
2023-07-01,jowar(sorghum),3594.64
2023-07-01,sugarcane,310.0
2023-07-01,millets,3407.57
2023-07-01,maize,1984.76
2023-07-01,sugar,3886.65
2023-07-01,ginger(dry),13809.31
2023-07-01,rice,3174.68
2023-07-01,wheat,2295.88
2023-07-01,groundnut,6862.93
2023-07-01,barley (jau),1833.16
2023-07-01,coffee,18404.55
2023-08-01,cotton,6802.13
2023-08-01,barley (jau),1863.65
2023-08-01,wheat,2420.29
2023-08-01,jowar(sorghum),3678.21
2023-08-01,coffee,18754.24
2023-08-01,millets,2969.73
2023-08-01,turmeric,11208.03
2023-08-01,maize,2145.24
2023-08-01,sugar,3905.32
2023-08-01,coconut,3743.93
2023-08-01,rice,3296.34
2023-08-01,ginger(dry),13934.86
2023-08-01,sunflower,4454.55
2023-08-01,groundnut,6923.16
2023-09-01,millets,3094.0
2023-09-01,turmeric,10828.45
2023-09-01,cotton,6803.7
2023-09-01,jowar(sorghum),3671.7
2023-09-01,rice,3259.03
2023-09-01,wheat,2399.73
2023-09-01,ginger(dry),11530.36
2023-09-01,groundnut,6493.82
2023-09-01,maize,2024.29
2023-09-01,coffee,17067.16
2023-09-01,sugarcane,300.0
2023-09-01,sunflower,4363.61
2023-09-01,sugar,3975.91
2023-09-01,coconut,3507.73
2023-09-01,barley (jau),1903.34
2023-10-01,maize,1965.06
2023-10-01,ginger(dry),10435.08
2023-10-01,millets,2992.85
2023-10-01,jowar(sorghum),3570.17
2023-10-01,wheat,2470.39
2023-10-01,sugar,4027.77
2023-10-01,cotton,6755.64
2023-10-01,coconut,3596.13
2023-10-01,coffee,16923.88
2023-10-01,rice,3290.3
2023-10-01,sugarcane,300.0
2023-10-01,groundnut,6284.34
2023-10-01,barley (jau),1910.21
2023-10-01,sunflower,4470.68
2023-10-01,turmeric,10324.43
2023-11-01,cotton,6817.05
2023-11-01,wheat,2559.27
2023-11-01,barley (jau),1950.97
2023-11-01,sugarcane,300.0
2023-11-01,sunflower,4596.71
2023-11-01,ginger(dry),10415.25
2023-11-01,turmeric,10250.08
2023-11-01,coconut,3785.33
2023-11-01,rice,3328.95
2023-11-01,maize,2073.47
2023-11-01,sugar,4097.74
2023-11-01,groundnut,6422.99
2023-11-01,coffee,17046.75
2023-11-01,jowar(sorghum),3897.74
2023-11-01,millets,2607.06
2023-12-01,millets,2716.56
2023-12-01,coconut,4391.8
2023-12-01,maize,2092.06
2023-12-01,sugarcane,295.5
2023-12-01,ginger(dry),9857.57
2023-12-01,turmeric,10552.31
2023-12-01,sunflower,4349.48
2023-12-01,sugar,4086.75
2023-12-01,barley (jau),1995.96
2023-12-01,groundnut,6569.83
2023-12-01,cotton,6665.58
2023-12-01,wheat,2527.54
2023-12-01,coffee,17024.29
2023-12-01,jowar(sorghum),3894.29
2023-12-01,rice,3317.97
2024-01-01,sugar,4055.6
2024-01-01,turmeric,11196.66
2024-01-01,maize,2126.57
2024-01-01,ginger(dry),10501.03
2024-01-01,coconut,4231.95
2024-01-01,coffee,17968.75
2024-01-01,sugarcane,279.43
2024-01-01,millets,2439.43
2024-01-01,wheat,2541.99
2024-01-01,cotton,6505.9
2024-01-01,rice,3314.9
2024-01-01,groundnut,6530.74
2024-01-01,barley (jau),2071.57
2024-01-01,sunflower,4404.63
2024-01-01,jowar(sorghum),3552.69
2024-02-01,sunflower,4275.08
2024-02-01,groundnut,6248.49
2024-02-01,ginger(dry),10340.12
2024-02-01,maize,2149.41
2024-02-01,turmeric,11336.27
2024-02-01,sugar,4026.7
2024-02-01,coconut,3915.38
2024-02-01,wheat,2459.65
2024-02-01,millets,2608.91
2024-02-01,cotton,6562.07
2024-02-01,rice,3367.13
2024-02-01,barley (jau),2062.7
2024-02-01,sugarcane,310.58
2024-02-01,jowar(sorghum),3246.73
2024-02-01,coffee,15818.03
2024-03-01,jowar(sorghum),2989.8
2024-03-01,sugar,3985.93
2024-03-01,maize,2153.6
2024-03-01,coconut,3969.96
2024-03-01,wheat,2430.32
2024-03-01,coffee,15957.02
2024-03-01,rice,3422.89
2024-03-01,sunflower,4099.63
2024-03-01,turmeric,13640.36
2024-03-01,ginger(dry),10634.29
2024-03-01,millets,2460.49
2024-03-01,groundnut,6162.43
2024-03-01,barley (jau),1977.23
2024-03-01,sugarcane,320.62
2024-03-01,cotton,7037.86
2024-04-01,wheat,2385.14
2024-04-01,sunflower,4121.26
2024-04-01,sugar,4007.14
2024-04-01,sugarcane,665.92
2024-04-01,rice,3393.99
2024-04-01,jowar(sorghum),2967.81
2024-04-01,millets,2425.45
2024-04-01,cotton,6978.4
2024-04-01,turmeric,13142.51
2024-04-01,coconut,3898.53
2024-04-01,groundnut,6252.31
2024-04-01,ginger(dry),11786.26
2024-04-01,coffee,18503.17
2024-04-01,maize,2127.54
2024-04-01,barley (jau),1897.38
2024-05-01,barley (jau),2000.6
2024-05-01,sugarcane,300.0
2024-05-01,rice,3421.72
2024-05-01,jowar(sorghum),2836.02
2024-05-01,groundnut,6139.13
2024-05-01,turmeric,13825.92
2024-05-01,sugar,4081.0
2024-05-01,cotton,6902.7
2024-05-01,wheat,2421.74
2024-05-01,coffee,19579.49
2024-05-01,coconut,3761.59
2024-05-01,sunflower,4179.66
2024-05-01,maize,2160.46
2024-05-01,ginger(dry),12910.28
2024-05-01,millets,2529.55
2024-06-01,turmeric,14031.33
2024-06-01,groundnut,6017.49
2024-06-01,coconut,1938.67
2024-06-01,barley (jau),2091.39
2024-06-01,cotton,6850.84
2024-06-01,jowar(sorghum),2967.96
2024-06-01,millets,2451.55
2024-06-01,sugar,4140.38
2024-06-01,maize,2174.73
2024-06-01,wheat,2469.96
2024-06-01,sunflower,5493.17
2024-06-01,sugarcane,342.86
2024-06-01,rice,3429.79
2024-06-01,ginger(dry),13297.17
2024-06-01,coffee,20371.64
2024-07-01,coffee,21175.68
2024-07-01,jowar(sorghum),2897.68
2024-07-01,groundnut,5931.91
2024-07-01,ginger(dry),12501.49
2024-07-01,cotton,7037.37
2024-07-01,coconut,3194.69
2024-07-01,sunflower,4267.56
2024-07-01,millets,2308.28
2024-07-01,rice,3493.32
2024-07-01,barley (jau),2135.04
2024-07-01,maize,2338.06
2024-07-01,turmeric,13493.95
2024-07-01,sugarcane,415.0
2024-07-01,wheat,2510.78
2024-07-01,sugar,4462.44
2024-08-01,cotton,7022.81
2024-08-01,maize,2456.74
2024-08-01,sunflower,4321.33
2024-08-01,jowar(sorghum),2704.22
2024-08-01,groundnut,5977.64
2024-08-01,coconut,3603.72
2024-08-01,barley (jau),2185.23
2024-08-01,ginger(dry),10322.92
2024-08-01,wheat,2581.02
2024-08-01,turmeric,12915.47
2024-08-01,coffee,21945.83
2024-08-01,rice,3536.46
2024-08-01,sugarcane,550.0
2024-08-01,sugar,4101.68
2024-08-01,millets,2357.68
2024-09-01,jowar(sorghum),2646.3
2024-09-01,sugarcane,425.0
2024-09-01,ginger(dry),8560.78
2024-09-01,sugar,4158.9
2024-09-01,groundnut,5695.31
2024-09-01,barley (jau),2244.36
2024-09-01,wheat,2628.79
2024-09-01,turmeric,13151.61
2024-09-01,maize,2393.13
2024-09-01,rice,3573.16
2024-09-01,cotton,6890.3
2024-09-01,sunflower,5119.05
2024-09-01,millets,2547.57
2024-09-01,coffee,24811.76
2024-09-01,coconut,4078.0
2024-10-01,maize,2237.98
2024-10-01,rice,3591.53
2024-10-01,turmeric,13158.93
2024-10-01,sugar,4143.48
2024-10-01,coffee,24649.43
2024-10-01,jowar(sorghum),2565.24
2024-10-01,sunflower,5353.02
2024-10-01,cotton,7122.66
2024-10-01,barley (jau),2312.08
2024-10-01,ginger(dry),7867.03
2024-10-01,wheat,2727.4
2024-10-01,millets,2663.79
2024-10-01,sugarcane,550.0
2024-10-01,groundnut,5505.9
2024-10-01,coconut,4928.77
2024-11-01,wheat,2809.21
2024-11-01,sunflower,5625.27
2024-11-01,rice,3598.93
2024-11-01,sugar,4186.92
2024-11-01,groundnut,5422.66
2024-11-01,coffee,23971.43
2024-11-01,ginger(dry),7036.68
2024-11-01,cotton,7231.03
2024-11-01,jowar(sorghum),2642.72
2024-11-01,coconut,5073.83
2024-11-01,sugarcane,450.0
2024-11-01,millets,2717.22
2024-11-01,maize,2273.46
2024-11-01,turmeric,13432.69
2024-11-01,barley (jau),2355.45
2024-12-01,coffee,24771.67
2024-12-01,cotton,7161.48
2024-12-01,rice,3608.76
2024-12-01,coconut,5497.94
2024-12-01,millets,2603.9
2024-12-01,sunflower,5366.16
2024-12-01,maize,2328.78
2024-12-01,barley (jau),2385.66
2024-12-01,turmeric,13396.57
2024-12-01,jowar(sorghum),2723.71
2024-12-01,wheat,2816.44
2024-12-01,ginger(dry),6906.21
2024-12-01,sugar,4116.66
2024-12-01,groundnut,5441.32
2024-12-01,sugarcane,322.5
2025-01-01,ginger(dry),6577.69
2025-01-01,sugarcane,340.0
2025-01-01,cotton,7167.75
2025-01-01,jowar(sorghum),2766.6
2025-01-01,turmeric,13266.44
2025-01-01,groundnut,5457.95
2025-01-01,coffee,25671.79
2025-01-01,coconut,5940.59
2025-01-01,rice,3605.33
2025-01-01,sugar,4160.72
2025-01-01,sunflower,5357.33
2025-01-01,maize,2382.2
2025-01-01,barley (jau),2439.23
2025-01-01,wheat,2929.33
2025-01-01,millets,2705.24
2025-02-01,ginger(dry),6147.16
2025-02-01,maize,2356.01
2025-02-01,sugarcane,325.0
2025-02-01,turmeric,12106.76
2025-02-01,jowar(sorghum),2894.73
2025-02-01,wheat,2891.92
2025-02-01,cotton,7035.74
2025-02-01,groundnut,5375.56
2025-02-01,coffee,30019.84
2025-02-01,rice,3635.0
2025-02-01,sugar,4152.04
2025-02-01,sunflower,5437.82
2025-02-01,barley (jau),2454.5
2025-02-01,coconut,6047.14
2025-02-01,millets,2857.74
2025-03-01,maize,2341.58
2025-03-01,groundnut,5533.27
2025-03-01,coconut,5756.94
2025-03-01,wheat,2730.88
2025-03-01,sugar,4152.2
2025-03-01,cotton,6942.65
2025-03-01,coffee,29354.55
2025-03-01,sunflower,4989.96
2025-03-01,rice,3647.06
2025-03-01,jowar(sorghum),2802.05
2025-03-01,millets,3197.14
2025-03-01,barley (jau),2383.57
2025-03-01,ginger(dry),6363.42
2025-03-01,turmeric,11596.07
2025-09-01,other green and fresh vegetables,1150.0
2025-09-01,mousambi(sweet lime),3935.6201550387595
2025-09-01,mustard,6568.612781954887
2025-09-01,mustard oil,15462.708333333334
2025-09-01,niger seed (ramtil),8810.0
2025-09-01,onion,2100.607902735562
2025-09-01,onion green,4108.670520231214
2025-09-01,orange,10589.166666666666
2025-09-01,orchid,23.0
2025-09-01,moath dal,10000.0
2025-09-01,paddy(dhan)(basmati),2786.8333333333335
2025-09-01,peas cod,7600.0
2025-09-01,papaya,3055.133333333333
2025-09-01,papaya (raw),2126.923076923077
2025-09-01,pear(marasebu),7320.54347826087
2025-09-01,peas wet,8103.846153846154
2025-09-01,mint(pudina),3984.878787878788
2025-09-01,peas(dry),4434.090909090909
2025-09-01,pegeon pea (arhar fali),8450.0
2025-09-01,pepper ungarbled,68700.0
2025-09-01,pineapple,4783.308823529412
2025-09-01,plum,5743.571428571428
2025-09-01,paddy(dhan)(common),2164.386243386243
2025-09-01,millets,2750.0
2025-09-01,marigold(calcutta),18482.59259259259
2025-09-01,methi seeds,4441.5
2025-09-01,kulthi(horse gram),4180.0
2025-09-01,kutki,3435.0
2025-09-01,lak(teora),3177.3
2025-09-01,leafy vegetable,3220.0
2025-09-01,lemon,5530.979094076655
2025-09-01,lentil (masur)(whole),6845.373333333333
2025-09-01,lilly,14.0
2025-09-01,lime,6720.347222222223
2025-09-01,linseed,7259.2
2025-09-01,little gourd (kundru),4377.5
2025-09-01,long melon(kakri),2900.0
2025-09-01,lotus,15.0
2025-09-01,mahedi,11500.0
2025-09-01,mahua,3300.0
2025-09-01,maize,2292.119760479042
2025-09-01,mango,8587.766666666666
2025-09-01,mango (raw-ripe),8109.9009900990095
2025-09-01,marasebu,3800.0
2025-09-01,pointed gourd (parval),4105.135135135135
2025-09-01,marigold(loose),2383.3333333333335
2025-09-01,mashrooms,13560.0
2025-09-01,masur dal,9074.761904761905
2025-09-01,mataki,8530.0
2025-09-01,methi(leaves),2591.157894736842
2025-09-01,pomegranate,9811.586206896553
2025-09-01,rajgir,4035.714285714286
2025-09-01,pumpkin,2047.2704081632653
2025-09-01,tamarind fruit,14250.0
2025-09-01,tapioca,3148.529411764706
2025-09-01,taramira,5450.0
2025-09-01,tender coconut,3637.391304347826
2025-09-01,thondekai,4462.068965517241
2025-09-01,tinda,3186.6666666666665
2025-09-01,tomato,3155.8621973929235
2025-09-01,tube flower,49500.0
2025-09-01,tube rose(loose),10454.545454545454
2025-09-01,turmeric,10151.777777777777
2025-09-01,turmeric (raw),8750.0
2025-09-01,turnip,5580.0
2025-09-01,water melon,2184.6774193548385
2025-09-01,wheat,2600.3216981132077
2025-09-01,white peas,3990.0
2025-09-01,white pumpkin,2000.0
2025-09-01,wood,2310.8333333333335
2025-09-01,yam,5150.0
2025-09-01,yam (ratalu),7612.048192771084
2025-09-01,basil,15400.0
2025-09-01,buttery,3750.0
2025-09-01,gulli,4337.5
2025-09-01,karanja seeds,5000.0
2025-09-01,sweet pumpkin,1835.1851851851852
2025-09-01,sweet potato,3988.0
2025-09-01,suvarna gadde,2850.0
2025-09-01,suva (dill seed),7051.666666666667
2025-09-01,raddish,2417.6370656370655
2025-09-01,ragi (finger millet),3858.8
2025-09-01,raibel,550.0
2025-09-01,kodo millet(varagu),2287.5
2025-09-01,rice,3603.8953488372094
2025-09-01,ridgeguard(tori),3820.7056451612902
2025-09-01,rose(local),13692.758620689656
2025-09-01,rose(loose)),8250.0
2025-09-01,round gourd,1730.0
2025-09-01,rubber,18050.0
2025-09-01,safflower,7521.0
2025-09-01,potato,1695.5767097966727
2025-09-01,seemebadnekai,1650.0
2025-09-01,"sesamum(sesame,gingelly,til)",8993.98
2025-09-01,she buffalo,100000.0
2025-09-01,snakeguard,3770.402714932127
2025-09-01,soanf,6637.5
2025-09-01,soyabean,4520.711764705882
2025-09-01,spinach,2287.195652173913
2025-09-01,sponge gourd,2026.9
2025-09-01,squash(chappal kadoo),1768.75
2025-09-01,sugar,4187.0
2025-09-01,sunflower,6199.333333333333
2025-09-01,surat beans (papadi),6500.0
2025-09-01,seetapal,6333.333333333333
2025-09-01,knool khol,4031.25
2025-09-01,jowar(sorghum),2705.3137254901962
2025-09-01,karbuja(musk melon),3423.214285714286
2025-09-01,black gram (urd beans)(whole),6818.6621621621625
2025-09-01,black gram dal (urd dal),10400.275862068966
2025-09-01,black pepper,66832.25
2025-09-01,bottle gourd,2033.6496519721577
2025-09-01,brinjal,3158.1488469601677
2025-09-01,bunch beans,3150.0
2025-09-01,cabbage,2203.7879656160458
2025-09-01,capsicum,5945.5649717514125
2025-09-01,carnation,180.0
2025-09-01,carrot,5681.884773662551
2025-09-01,castor seed,6273.125
2025-09-01,cauliflower,3268.259016393443
2025-09-01,chapparad avare,3800.0
2025-09-01,chikoos(sapota),4581.803278688524
2025-09-01,chili red,16833.333333333332
2025-09-01,chilly capsicum,2924.375
2025-09-01,chow chow,3292.063492063492
2025-09-01,chrysanthemum(loose),2557.5
2025-09-01,cluster beans,4251.639344262295
2025-09-01,cock,425.0
2025-09-01,coconut,6617.4157303370785
2025-09-01,coconut oil,40133.333333333336
2025-09-01,coconut seed,6916.666666666667
2025-09-01,bitter gourd,3950.8362573099416
2025-09-01,coffee,24050.0
2025-09-01,bhindi(ladies finger),3031.59797979798
2025-09-01,bengal gram(gram)(whole),5871.563981042654
2025-09-01,nigella seeds,20700.0
2025-09-01,ajwan,9542.222222222223
2025-09-01,alsandikai,4600.0
2025-09-01,amaranthus,2887.185929648241
2025-09-01,amla(nelli kai),7321.428571428572
2025-09-01,amphophalus,4943.478260869565
2025-09-01,amranthas red,1274.5
2025-09-01,anthorium,40.0
2025-09-01,apple,8336.317236363637
2025-09-01,arecanut(betelnut/supari),36810.75
2025-09-01,arhar (tur/red gram)(whole),6050.636363636364
2025-09-01,arhar dal(tur dal),10768.854166666666
2025-09-01,asalia,6050.0
2025-09-01,asgand,16600.0
2025-09-01,ashgourd,2606.544502617801
2025-09-01,astera,67.5
2025-09-01,bajra(pearl millet/cumbu),2369.7934782608695
2025-09-01,banana,3816.439790575916
2025-09-01,banana - green,3067.8195488721803
2025-09-01,barley (jau),2314.4074074074074
2025-09-01,beans,5831.273885350319
2025-09-01,beetroot,3668.2741116751267
2025-09-01,bengal gram dal (chana dal),8172.2
2025-09-01,betal leaves,14565.217391304348
2025-09-01,colacasia,4366.8705035971225
2025-09-01,copra,20033.333333333332
2025-09-01,coriander(leaves),4685.6483050847455
2025-09-01,green fodder,165.0
2025-09-01,green gram (moong)(whole),7231.421568627451
2025-09-01,green gram dal (moong dal),11206.5
2025-09-01,green peas,9608.818181818182
2025-09-01,ground nut seed,5551.111111111111
2025-09-01,groundnut,5740.9655172413795
2025-09-01,groundnut (split),5415.0
2025-09-01,groundnut pods (raw),3116.6666666666665
2025-09-01,guar,4629.184210526316
2025-09-01,guar seed(cluster beans seed),4688.333333333333
2025-09-01,guava,4206.618279569892
2025-09-01,gur(jaggery),4209.0125
2025-09-01,hybrid cumbu,3500.0
2025-09-01,indian beans (seam),5986.617021276596
2025-09-01,isabgul (psyllium),9950.0
2025-09-01,jack fruit,3663.75
2025-09-01,jamun(narale hannu),12000.0
2025-09-01,jarbara,72.0
2025-09-01,jasmine,36919.25925925926
2025-09-01,jute,7895.454545454545
2025-09-01,kabuli chana(chickpeas-white),7999.105263157895
2025-09-01,kakada,27868.18181818182
2025-09-01,kankambra,400.0
2025-09-01,green chilli,5105.942486085343
2025-09-01,green avare (w),5560.63829787234
2025-09-01,grapes,9866.25
2025-09-01,gram raw(chholia),4775.0
2025-09-01,corriander seed,6796.666666666667
2025-09-01,cotton,7168.84
2025-09-01,cow,57500.0
2025-09-01,cowpea (lobia/karamani),6733.5
2025-09-01,cowpea(veg),4723.122641509434
2025-09-01,cucumbar(kheera),2783.5414364640883
2025-09-01,cummin seed(jeera),16851.896551724138
2025-09-01,custard apple (sharifa),4777.777777777777
2025-09-01,drumstick,5330.875576036867
2025-09-01,dry chillies,16216.666666666666
2025-09-01,dry fodder,535.0
2025-09-01,kartali (kantola),6137.5
2025-09-01,duster beans,3550.0
2025-09-01,field pea,5694.444444444444
2025-09-01,fig(anjura/anjeer),10600.0
2025-09-01,firewood,376.6666666666667
2025-09-01,fish,23242.85714285714
2025-09-01,french beans (frasbean),6180.555555555556
2025-09-01,garlic,7857.51376146789
2025-09-01,ghee,53750.0
2025-09-01,ginger(dry),6157.5
2025-09-01,ginger(green),6653.415625
2025-09-01,gladiolus cut flower,60.0
2025-09-01,goat,6000.0
2025-09-01,elephant yam (suran),5592.436974789916
2025-09-01,poppy seeds,137500.0
